uniqueID,Publication Year,investigator,grazer.spp,grazer.spp.reduced,grazer.status,grazer.simplified,contrast,last.grazing.event,indigenous.grazers,indigenous.simplified,grazing.frequency,study.duration,lat,lon,elevation,country,n.sites,survey.technique,Plants,Soil.microbia,Annelida,Arthropoda,Amphibia,Reptilia,Aves,Mammalia,Mushroom.Lichen,Mollusca
5,2002,AF,cattle,cattle,domestic,domestic,grazed vs. ungrazed,3-5 yr,none,none,3,1,53.7139352,9.733176,14,Germany,24,suction sampling,self-assembled,0,0,1,0,0,0,0,0,0
8,2002,AF,cattle,cattle,domestic,domestic,grazed vs. ungrazed,3-5 yr,none,none,3,1,53.7139352,9.733176,14,Germany,18,suction sampling,self-assembled,0,0,1,0,0,0,0,0,0
30,1992,AF,sheep,sheep,domestic,domestic,grazed vs. ungrazed,0,none,none,2,5,51.7773735,-1.3450781,,UK,1,vaccuum,remnant arable,0,0,1,0,0,0,0,0,0
31,1998,AF,cattle,cattle,domestic,domestic,grazed vs. ungrazed,0,historic,historic,3,34,40.834,-104.782,,USA,14,multiple methods,self-assembled,1,1,1,0,0,1,1,0,0
36,2000,AF,sheep,sheep,domestic,domestic,grazed vs. ungrazed,20,none,none,2,1,47.00175,6.771228,615,Switzerland,14,transect,self-assembled,0,0,1,0,0,0,0,0,0
46,1984,AF,cattle,cattle,domestic,domestic,grazed vs. ungrazed,13,none,none,3,2,31.60321,-110.51,1500,USA,14,transect,self-assembled,0,0,0,0,0,1,1,0,0
55,1998,AF,cattle,cattle,both,both,grazed vs. ungrazed,3,co-occuring,co-occurring,3,2,0.28333,36.833,1800,Kenya,1,trapping,self-assembled,0,0,0,0,0,0,1,0,0
60,1993,AF,sheep,sheep,domestic,domestic,grazed vs. ungrazed,2,none,none,3,1,54.2783134,-2.4606707,250,UK,1,soil cores,self-assembled,1,1,1,0,0,0,0,1,0
73,2005,AF,cattle,cattle,both,both,grazed vs. ungrazed,5,co-occuring,co-occurring,3,2,0.2833,37.8667,1800,Kenya,1,scat surveys,self-assembled,0,0,0,0,0,0,1,0,0
86,2011,AF,cattle,cattle,domestic,domestic,grazed vs. ungrazed,7,historic,historic,3,1,33.2667,98.1333,315,USA,3,soil cores,self-assembled,0,0,0,0,0,0,0,0,0
94,1994,AF,deer,indigenous,native,wild,grazed vs. ungrazed,,current,current,3,2,57.050093,-2.8689667,,UK,8,sweep netting,self-assembled,0,0,1,0,0,0,0,0,0
96,1999,AF,cattle,cattle,both,both,grazed vs. ungrazed,,co-occuring,co-occurring,3,1,34.3236327,-110.9834674,2200,USA,4,transect sampling,self-assembled,0,0,1,0,0,0,0,0,0
106,1996,AF,reindeer,domestic,native,wild,grazed vs. ungrazed,30,current,current,3,1,68.910296; 68.158917; 67.1365385,25.650123; 23.269309; 29.152992,200,Finland,4,soil cores,self-assembled,1,0,0,0,0,0,0,1,0
111,2002,AF,cattle,cattle,both,both,grazed vs. ungrazed,43,co-occuring,co-occurring,2,1,-19.4667,146.45,,Australia,1,4,self-assembled,0,0,0,1,1,1,1,0,0
115,2001,AF,sheep; cattle,both,domestic,domestic,grazed vs. ungrazed,2,none,none,3,2,55.4808,-2.21394,475,UK,1,pitfall traps,self-assembled,0,0,1,0,0,0,0,0,0
118,2007,AF,cattle,cattle,domestic,domestic,grazed vs. ungrazed,1,unknown,unknown,3,2,-22.75,145.6,,Australia,3,trapping,self-assembled,0,0,0,0,1,1,1,0,0
121,2004,AF,cattle,cattle,both,both,grazed vs. ungrazed,1,co-occuring,co-occurring,3,3,52.5333,6.6,,Netherlands,1,trapping,self-assembled,0,0,0,0,0,0,1,0,0
130,2008,AF,sheep,sheep,domestic,domestic,grazed vs. ungrazed,2,none,none,3,3,45.71667,3.01667,,France,1,soil cores,self-assembled,1,0,0,0,0,0,0,0,0
142,2008,AF,sheep; cattle,both,domestic,domestic,grazed vs. ungrazed,2,none,none,3,2,55.4808,-2.21394,475,UK,1,pitfall traps,self-assembled,0,0,1,0,0,0,0,0,0
149,1999,AF,sheep; cattle,both,both,both,grazed vs. ungrazed,,co-occurring,co-occurring,2,1,-36,146,,Australia,15,pitfall traps,self-assembled,0,0,1,0,0,0,0,0,0
157,2004,AF,reindeer,domestic,domestic,domestic,grazed vs. ungrazed,1,co-occurring,co-occurring,2,2,68.91666667,20.98333333,,Finland,20,leaf surveys,self-assembled,0,0,1,0,0,0,0,0,0
159,2001,AF,deer; boar,indigenous,indigenous,wild,grazed vs. ungrazed,3,co-occurring,co-occurring,3,3,52.0667,50.85,,Netherlands,32,trapping,self-assembled,0,0,0,0,0,0,1,0,0
183,1998,AF,cattle; sheep,both,domestic,domestic,grazed vs. ungrazed,30,co-occurring,co-occurring,2,3,42.41666667,-119.6666667,1770,USA,36,transects,brownfield,0,0,0,0,0,1,0,0,0
188,2006,AF,cattle,cattle,domestic,domestic,grazed vs. ungrazed,,unknown,unknown,2,3,-27,152,425,Australia,16,visual counts,self-assembled,0,0,0,0,0,1,0,0,0
197,2004,AF,cattle,cattle,domestic,domestic,grazed vs. ungrazed,,co-occurrence,co-occurrence,3,3,0.2823,37.8833,,Kenya,4,soil cores,self-assembled,1,0,0,0,0,0,0,0,0
202,2006,AF,sheep; cattle,both,domestic,domestic,grazed vs. ungrazed,2,none,none,3,2,55.4808028,-2.21394,475,UK,1,trapping,self-assembled,0,0,0,0,0,0,1,0,0
213,2000,AF,reindeer,domestic,domestic,domestic,grazed vs. ungrazed,30,current,current,2,1,68.1167,23.4167,,Finland,1,soil samples,self-assembled,1,1,0,0,0,0,0,0,0
226,1991,AF,cattle,cattle,domestic,domestic,grazed vs. ungrazed,11,none,none,2,1,33.8448272,-112.0393931,,USA,1,trapping,self-assembled,0,0,1,0,0,0,1,0,0
228,2003,AF,sheep; goats,sheep and domestic,both,both,grazed vs. ungrazed,0,co-occurring,co-occurring,3,1,-26.5092486,145.990106,,Australia,10,dung survey,self-assembled,0,0,0,1,1,1,1,0,0
237,2002,AF,reindeer,domestic,indigenous,wild,grazed vs. ungrazed,1,current,current,2,1,69.75,23.967,530,Norway,4,soil cores,self-assembled,1,0,0,0,0,0,0,0,0
239,1997,AF,sheep,sheep,domestic,domestic,grazed vs. ungrazed,,none,none,3,1,56.8860554,-3.435402,450,Scotland,28,pitfall traps,self-assembled,0,0,1,0,0,0,0,0,0
246,1991,AF,cattle,cattle,domestic,domestic,levels,3,co-occurring,co-occurring,3,3,38.2344436,-120.021474,2500,USA,5,telemetry,self-assembled,0,0,0,0,0,0,1,0,0
252,1971,AF,sheep,sheep,domestic,domestic,grazed vs. ungrazed,1,none,none,3,2,51.695215,-2.619634,,UK,2,vaccuum,self-assembled,0,0,1,0,0,0,0,0,0
277,2001,AF,cattle; ponies,cattle and domestic,domestic,domestic,grazed vs. ungrazed,none,none,none,3,4,52.25,4.4167,,Netherlands,24,transects,self-assembled,0,0,1,0,0,0,0,0,0
310,2004,AF,cattle,cattle,domestic,domestic,grazed vs. ungrazed,1,historic,historic,2,1,47.4414067,-114.114271,,USA,14,transects,brownfield,0,0,0,0,0,1,0,0,0
311,2003,AF,cattle,cattle,domestic,domestic,levels,,none,none,3,2,51.0871,13.814064,,Germany,,vaccuum sampling,brownfield,0,0,1,0,0,0,0,0,0
316,2003,AF,cattle,cattle,domestic,domestic,grazed vs. ungrazed,0,historic,historic,3,5,45.8762803,-111.58901,,USA,4,sweep nets,self-assembled,0,0,1,0,0,0,0,0,0
348,2005,AF,cattle,cattle,domestic,domestic,grazed vs. ungrazed,2,none,none,3,2,52.6111551,1.4450573,,UK,1,quadrats,self-assembled,0,0,0,0,0,0,0,0,1
349,2003,AF,reindeer,domestic,both,both,grazed vs. ungrazed,0,co-occurring,co-occurring,2,1,69.756889,27.006249,,Finland,6,pitfall traps,self-assembled,0,0,1,0,0,0,0,0,0
351,2002,AF,cattle; horse,cattle and domestic,domestic,domestic,grazed vs. ungrazed,30,unknown,unknown,3,1,-31.5,-64.75,2100,Argentina,4,vaccuum samping,self-assembled,0,0,1,0,0,0,0,0,0
352,2001,AF,cattle,cattle,domestic,domestic,grazed vs. ungrazed,1,co-occurring,co-occurring,3,1,-34.57846,145.5881529,,Australia,4,point counts,brownfield,0,0,0,0,0,1,0,0,0
355,1998,AF,cattle,cattle,domestic,domestic,grazed vs. ungrazed,59,none,none,2,6,37.0993911,-119.757658,,USA,2,spot-mapping,self-assembled,0,0,0,0,0,1,0,0,0
363,2000,AF,feral horses,domestic,domestic,both,grazed vs. ungrazed,15,co-occurring,co-occurring,2,1,40.4624019,-118.835172,,USA,4,trapping,self-assembled,0,0,0,0,0,0,1,0,0
373,2007,AF,cattle,cattle,domestic,domestic,grazed vs. ungrazed,1,unknown,none,3,2,40.667,-4.334,,Spain,1,trapping,self-assembled,0,0,0,0,0,0,1,0,0
374,2005,AF,sheep,sheep,both,both,grazed vs. ungrazed,0,co-occurring,co-occurring,2,1,-36.524897,141.2973876,,Australia,14,point surveys,self-assembled,0,0,0,0,0,1,0,0,0
393,1999,AF,deer,indigenous,indigenous,wild,grazed vs. ungrazed,1,current,current,2,,62,17,,Finland,23,pitfall traps,self-assembled,0,0,0,0,0,0,0,0,1
397,2011,AF,cattle; sheep,both,domestic,domestic,grazed vs. ungrazed,19,unknown,unknown,3,1,50.5833,70,,Kazakhstan,6,transects,self-assembled,0,0,0,0,0,1,0,0,0
402,2006,AF,cattle,cattle,domestic,domestic,grazed vs. ungrazed,44,none,none,2,1,32.2770422,-109.247504,,USA,1,pitfall traps,self-assembled,0,0,1,0,1,0,0,0,0
403,2005,AF,cattle; sheep,both,domestic,domestic,levels,3,unknown,unknown,3,2,56.4833,9.8167,,Denmark,2,trapping,self-assembled,1,0,0,0,0,0,0,1,0
405,2003,AF,sheep,sheep,domestic,domestic,grazed vs. ungrazed,1,co-occurring,co-occurring,3,2,-32.75,166.9167,,Australia,10,visual surveys,self-assembled,0,0,0,0,0,1,0,0,0
407,2002,AF,cattle,cattle,domestic,domestic,levels,50,historic,historic,3,1,50.0301175,-113.5725,1350,Canada,4,soil cores,self-assembled,0,0,1,0,0,0,0,0,0
409,1998,AF,sheep; cattle,both,domestic,domestic,levels,NA,none,none,3,2,52.936623,-1.825313,,UK,77,survey,self-assembled,0,0,0,0,0,1,0,0,0
416,1968,AF,sheep,sheep,domestic,domestic,grazed vs. ungrazed,1,none,none,3,4,51.4379477,-2.496105,,UK,1,heat extraction,self-assembled,0,0,1,0,0,0,0,0,1
422,2005,AF,cattle,cattle,domestic,domestic,grazed vs. ungrazed,41,none,none,2,2,31.467763,-110.7551539,,USA,1,trapping,self-assembled,0,0,0,0,0,0,1,0,0
429,2002,AF,cattle,cattle,both,both,grazed vs. ungrazed,43,co-occuring,co-occurring,2,1,-19.46667,146.45,,Australia,1,4,self-assembled,0,0,1,0,0,0,0,,
444,2000,TB,cattle,cattle,domesticated,domestic,grazed vs. ungrazed,37-52 yr,some,co-occurring,3,1,32.586152,-106.877037,4000-5840 ft.,USA,20,bait,0,0,0,1,0,0,0,1,,
487,1998,TB,sheep,sheep,domesticated,domestic,grazed vs. ungrazed,1,unknown,unknown,3,2,45.740861,65.50988,,England,12,D-Vac,0,0,0,1,0,0,0,0,,
509,2008,TB,cattle,cattle,domesticated,domestic,grazed vs. ungrazed,7,,0,3,1,0.291869,36.89827,,Kenya,3,sweep net,0,0,0,1,0,0,0,0,,
512,2003,TB,"elk, bison, pronghorn",indigenous,native grazers,wild,grazed vs. ungrazed,40,,0,3,1,44.977085,-110.698943,1900,USA,2,Soil core,0,1,0,0,0,0,0,0,,
523,2005,TB,sheep,sheep,domesticated,domestic,gradient,1,,0,3,1,56.229178,-4.3475,111,Scotland,6,observation,0,0,0,0,0,0,1,0,,
533,2014,TB,cattle,cattle,domesticated,domestic,grazed vs. ungrazed,70,,none,3,1,56.911881,-2.63181,657,Scotland,5,visual observation,1,0,0,1,0,0,0,0,,
562,1998,TB,reindeer,domestic,native grazers,wild,grazed vs. ungrazed,70,,0,2,1,67.215532,37.605822,,Finland,8,weighing,1 (moss/lichen),0,0,0,0,0,0,0,,
585,2006,TB,cattle,cattle,domesticated,domestic,grazed vs. ungrazed,52,,0,2,1,31.603219,-110.507388,1487,USA,4,sweep net,0,0,0,1,0,0,0,0,,
589,2003,TB,cattle,cattle,domesticated,domestic,grazed vs. ungrazed,51,,none,2,2,31.603219,-110.507388,1487,USA,4,Sherman traps,0,0,0,0,0,0,0,1,,
603,2009,TB,cattle,cattle,domesticated,domestic,grazed vs. ungrazed,5,co-occuring,none,3,3,52.5333,6.483,,Netherlands,5,Longworth live-traps,0,0,0,0,0,0,0,1,,
606,2004,TB,sheep goat,sheep and domestic,domesticated,domestic,grazed vs. ungrazed,2,co-occuring,co-occurring,3,2,37.041573,-3.137865,2250,Spain,2,Pitfall traps,0,0,0,1,0,0,0,0,,
611,1996,TB,cattle,cattle,domesticated,domestic,grazed vs. ungrazed,30,co-occuring,co-occurring,2,1,38.36697,-111.261504,2066,USA,,Sherman,0,0,0,0,0,0,0,1,,
618,2010,TB,bison elk,indigenous,native grazers,wild,grazed vs. ungrazed,51,co-occuring,co-occurring,3,1,44.427963,-110.588455,2452,USA,,Soil cores,0,1,0,0,0,0,0,0,,
619,2009,TB,cattle,cattle,domesticated,domestic,grazed vs. ungrazed,10,none,none,3,2,35.948959,-85.026908,569,USA,,Pitfall traps,0,0,0,0,1,0,0,0,,
621,2008,TB,cattle goats sheep horses,domestic,domestic,domestic,grazed vs. ungrazed,4,none,none,3,1,-31.56,-64.83,2100,Argentina,,Transect,0,0,0,0,0,0,1,0,,
644,2008,TB,livestock,domestic,domesticated,domestic,grazed vs. ungrazed,10,,0,3,1,13.617,39.35,1900,Ethiopia,3,1 hour times species counts,0,0,0,0,0,0,1,0,,
654,2003,TB,grazing mollusc,indigenous,native grazers,wild,grazed vs. ungrazed,,,0,,1,22.21842,114.205249,0,Hong Kong,1,census,0,0,0,0,0,0,0,0,,
702,2002,TB,cattle,cattle,domesticated,domestic,grazed vs. ungrazed,10,,0,3,1,-34.5666,124.866,,Australia,7,pitfall trapping,0,0,0,1,0,0,0,0,,
713,2012,TB,cattle,cattle,domesticated,domestic,grazed vs. ungrazed,10,,0,3,1,36.312717,-118.322031,3097,USA,8,riffle with D-frame net,0,0,0,1,0,0,0,0,,
718,2008,TB,cattle,cattle,domesticated,domestic,grazed vs. ungrazed,30,,none,3,1,53.5,6.16,,Netherlands,5,dropping counts,0,0,0,0,0,0,0,1,,
732,2010,TB,sheep,sheep,domesticated,domestic,grazed vs. ungrazed,5,,0,3,1,40.466,9.033,1000,Italy,10,Soil core,0,1,0,0,0,0,0,0,,
740,2007,TB,sheep,sheep,domesticated,domestic,grazed vs. ungrazed,4,co-occuring,co-occurring,3,4,58.98,6.966,950,Norway,10,quadrats,0,0,0,0,0,0,0,0,,
743,2006,TB,horse cattle donkey,domestic,domesticated,domestic,grazed vs. ungrazed,,,0,3,1,45.766,16.783,115,Austria,4,"Soil samples, Baermann funnels",0,0,0,0,0,0,0,0,,
747,2001,TB,cattle,cattle,domesticated,domestic,grazed vs. ungrazed,20,co-occuring,co-occurring,3,1,36.773576,-104.485835,1934,USA,2,radio tag,0,0,0,0,0,0,1,0,,
769,2002,TB,cattle,cattle,domesticated,domestic,grazed vs. ungrazed,2,co-occuring,co-occurring,3,1,31.905753,-108.878107,1675,USA,12,Sherman traps,0,0,0,0,0,0,0,1,,
770,2001,TB,cattle,cattle,domesticated,domestic,grazed vs. ungrazed,24,co-occuring,co-occurring,3,3,-34.0333,-67.967,,Argentina,3,Point-counts,0,0,0,0,0,0,1,0,,
776,1999,TB,bison,indigenous,native grazers,wild,grazed vs. ungrazed,14,co-occuring,co-occurring,3,1,39.106876,-96.60914,329,USA,11,cloth dragging transect,0,0,0,1,0,0,0,0,,
780,2015,TB,cattle bison,cattle and indigenous,domesticated/managed,domestic,grazed vs. ungrazed,30,co-occuring,co-occurring,3,8,39.106876,-96.60914,329,USA,60,rope dragging and systematic search,0,0,0,0,0,0,1,0,,
799,1999,TB,cattle,cattle,domesticated,domestic,grazed vs. ungrazed,28,,0,3,2,31.603211,-110.50746,1487,USA,1,transects,0,0,0,0,0,0,1,0,,
801,1998,TB,cattle,cattle,domesticated,domestic,grazed vs. ungrazed,6,,0,3,1,42.31366,-113.369521,1377,USA,4,point frame,0,0,0,0,0,0,0,0,1,
830,2003,TB,cattle,cattle,domesticated,domestic,grazed vs. ungrazed,,co-occuring,co-occurring,2,1,-29,152.5833,,Australia,30,"pitfall traps, sweep netting, litter",0,0,0,1,0,0,0,0,,
835,1998,TB,cattle,cattle,domesticated,domestic,grazed vs. ungrazed,20,co-occuring,co-occurring,3,1,36.773576,-104.485835,1934,USA,4,point count,0,0,0,0,0,0,1,0,,
841,2015,TB,elephant,indigenous,native grazers,wild,grazed vs. ungrazed,18,co-occuring,co-occurring,3,2,0.2833,36.866,1800,Kenya,3,mark-resight,0,0,0,0,0,1,0,0,,
848,2012,TB,cattle,cattle,domesticated,domestic,grazed vs. ungrazed,10,,none,3,10,35.401184,-119.54432,160,USA,1,walking census,0,0,0,0,0,1,0,1,,
857,2006,TB,"cattle, sheep, horse",both,domesticated,domestic,grazed vs. ungrazed,>10 years,no significant,none,3,1,57.5,2.5,,Scotland,20,bag and excise,1,0,0,1,0,0,0,0,,
870,2011,MD,deer,indigenous,wild,wild,deer exclosures vs wild,4-6 years,focal species,focal species,3,3,51.773,-1.32,,England,4,live trapping,self assembled grassland,0,0,0,0,0,0,1,0,
874,2009,MD,cattle,cattle,domesticated,domestic,grazed vs ungrazed,35,no,historic,,1,-34.01,-67.65,,Argentina,5,observation,,0,0,1,0,0,0,0,0,
875,2009,MD,"rhino,buffalo,zebra, warthog,impala,nyala,duiker,hare",indigenous,wild,wild,"several levels of exclosures, see note",4-Feb,focal species,focal species,3,2,-28.22,32,,South Africa,2,,self assembled grassland,0,0,0,0,0,0,1,,
879,2008,MD,sheep,sheep,domesticated,domestic,grazed vs ungrazed,?,not mentioned,none,3,1,,,,England,16,vole sign survey,self assembled grassland,0,0,0,0,0,0,1,0,
883,2006,MD,cattle horses,cattle and domestic,domesticated,domestic,grazed vs ungrazed,unknown,not mentioned,none,3,1,31.65,-110.58,,USA,3,count,self assembled grassland,0,0,1,0,0,0,0,0,
892,2014,MD,cattle,cattle,domesticated,domestic,grazed vs ungrazed,2005,not mentioned,historic,3,2,37.968,-93.997,229,USA,4,transect count,self assembled grassland,0,0,1,0,0,0,0,0,0
911,2001,MD,"cattle, bison",cattle and indigenous,domesticated,domestic,cattle v bison v ungrazed,2,unknown,unknown,3,2,39.106,-93.997,228,USA,1,transect,not observed,0,0,0,0,0,0,1,0,0
929,2011,MD,sheep,sheep,domesticated,domestic,ungrazed vs grazed,28,unknown,historic,continous,1,-34.1,142.1,65,Australia,7,line trapping,self assembled pasture,0,0,0,0,1,0,0,0,0
931,2011,MD,sheep,sheep,domesticated,domestic,grazed vs ungrazed,20,none,historic,continuous,1,-40.3,175.83,300,New Zealand,1,soil sampling,"pasture, not sampled",0,1,1,0,0,0,0,0,0
962,1990,MD,cattle,cattle,domesticated,domestic,grazed/ungrazed,>20,unknown,none,3,1,52.064,5.942,89,Netherlands,1,"litter bags, soil samples",1,0,0,1,0,0,0,0,0,0
977,2010,MD,"cows, rabbits",cattle and indigenous,domesticated,domestic,cattle grazed vs cattle excluded,1;4;6,yes,none,3,6,50.79,0.19,94,UK,3,pellet count,1,0,0,0,0,0,0,1,0,0
981,2008,MD,cattle,cattle,domesticated,domestic,grazed vs ungrazed,15,unknown,unknown,3,2,40.812,-124.19,0,USA,1,"grid trapping, counting",0,0,0,0,0,0,1,1,0,0
1003,1992,MD,sheep,sheep,domesticated,domestic,grazed vs ungrazed,>100,unknown,co-occurring,,3,-31.63,117.71,275,Australia,5,trench traps,0,0,0,1,0,0,0,0,0,0
1020,2012,MD,deer,indigenous,wild,wild,grazed vs ungrazed,,co-occuring,co-occurring,3,1,39.126,-84.245,230,USA,1,quadrat sampling,0,0,0,1,0,0,0,0,0,0
1033,2007,MD,sheep,sheep,domesticated,domestic,grazed vs ungrazed 2 years vs 6.5,,unknown,none,3,1,51.866,-3.904,256,UK,5,trapping,0,0,0,0,0,0,0,1,0,0
1040,2002,MD,cattle,cattle,domesticated,domestic,grazed vs ungrazed,6,unknown,unknown,3,6,40.617,-106.281,2503,USA,4,counts,0,0,0,0,0,0,1,0,0,0
1095,2013,MD,"cattle, giraffe, elephant",cattle and indigenous,"domestic, wild",both,ungrazed vs cattle vs megaherbivore vs both,4,cooccuring,co-occurring,3,1,0.283,36.867,1800,Tanzania ,1,transect,0,0,0,1,0,0,0,0,0,0
1099,2011,MD,cattle,cattle,domestic,domestic,grazed vs ungrazed,"1,2,3,4,5,6",unknown,none,2,6,37.413,-121.219,266,USA,2,variale circular plot,0,0,0,0,0,0,1,0,0,0
1104,2006,MD,cattle,cattle,domestic,domestic,grazed vs ungrazed,24,unknown,unknown,3,3,31.65,-110.6,1450,USA,1,count,0,0,0,0,0,0,0,1,0,0
1139,2012,MD,cattle,cattle,domesticated,domestic,grazed vs ungrazed,20,unknown,historic,2,1,50.767,-120.466,500;900,Canada,2,pit traps,0,0,0,1,0,0,0,0,0,0
1147,2010,MD,cattle,cattle,domesticated,domestic,heavily vs moderate vs ungrazed,,unknown,historic,3,1,28.323,-99.428,155,USA,1,animal tracking,1,0,0,0,0,1,0,0,0,0
1170,2015,MD,sheep,sheep,domesticated,domestic,gradient,1,unknown,unknown,3,3,56.25,4.416,469,UK,3,pit traps,1,0,0,1,0,0,0,0,0,0
1187,2009,MD,cattle,cattle,domesticated,domestic,grazed vs ungrazed,<1,unknown,co-occurring,3,1,-29.616,29.233,2925,Lesotho,1,counted burrows,0,0,0,0,0,0,0,1,0,0
1190,2008,MD,raindeer,domestic,wild,wild,grazed vs ungrazed,5;15,cooccuring,cooccuring,3,15,69.01,20.833,350,Finland,1,soil sampling,1,1,0,1,0,0,0,0,0,0
1235,2013,MD,"cattle, native wildlife",cattle and indigenous,"domestic, wild",both,ungrazed vs cattle vs megaherbivores,,cooccuring,co-occurring,3,3,0.283,37.866,1800,Kenya,3,collection,0,0,0,1,0,0,0,0,0,0
1242,2012,MD,cattle,cattle,domesticated,domestic,grazed vs ungrazed,5,unknown,co-occurring,3,1,49.61,-100.69,430,Canada,23,bird counts,0,0,0,0,0,0,1,0,0,0
1274,1999,MD,cattle,cattle,domesticated,domestic,grazed vs ungrazed,30,unknown,co-occurring,3,1,46.086,-72.98,4,Canada,3,bird survey,0,0,0,0,0,0,1,0,0,0
1302,2013,CB,cattle,cattle,domesticated,domestic,grazed vs ungrazed,50,historic (Guanaco),historic,3,2,-34.04,-67.9667,523,Argentina,6,trapping,,,,,,,,1,,
1304,2012,CB,sheep; goats,sheep and domestic,domesticated,domestic,grazed vs ungrazed,unknown,unknown,unknown,2,2,38.596,-121.849,21,USA,6,soil cores,1,1,,,,,,,,
1316,2011,CB,white-tailed deer,indigenous,wild,wild,grazed vs ungrazed,3,historic,historic,,1,31.3667,-80.5167,1160,USA,1,electroshocking,1,,1,,,,,,,
1318,2010,CB,cattle,cattle,domesticated,domestic,gradient,15; >30,co-occuring,co-occurring,3,2,52.1417,-122.1417,671,Canada,3,point count,1,,,,,,1,,,
1321,2010,CB,cattle,cattle,domesticated,domestic,grazed vs ungrazed,18,unknown,historic,2,1,36.4833,-118.433,2945,USA,10,sweep nets; baited traps,1,,,1,,,,,,
1340,2000,CB,cattle,cattle,domesticated,domestic,grazed vs ungrazed,30,unknown,unknown,3,3,31.633,-110.55,1450,USA,2,mist net,,,,,,,1,,,
1354,2017,CB,cattle,cattle,domesticated,domestic,grazed vs ungrazed,19,yes,co-occurring,2,8,0.2833,36.8667,1800,Kenya,3,dung surveys,,,,,,,,1,,
1370,2014,CB,white rhino (Ceratotherium simum ); all ungulates larger than scrub hares (Lepus saxatilis),indigenous,wild,wild,grazed vs ungrazed,10,historic,historic,3,1,-28.4667,31.6833,696,South Africa,8,sweep netting,1,,,1,,,,,,
1373,2013,CB,"Impala, African buffalo, Burchell?s zebra, bushbuck, and warthogs",indigenous,wild,wild,grazed vs ungrazed,up to 2,historic,historic,3,2,-0.6,30.95,,Uganda,2,Sherman live traps,,,,,,,,1,,
1380,2012,CB,cattle,cattle,domesticated,domestic,grazed vs ungrazed,14,historic,historic,3,3,-31.4,-64.7667,1820,Argentina,3,Visual and auditory surveys,1,,,,1,,,,,
1387,2011,CB,cattle,cattle,domesticated,domestic,grazed vs ungrazed,39,unknown,unknown,3,6,31.65,-110.533,1500,USA,6,Sherman livetraps,1,,,,,,,1,,
1389,2011,CB,cattle,cattle,domesticated,domestic,grazed vs ungrazed,30,unknown,unknown,3,2,-16.1181,130.9578,,Australia,1,dry heat extraction in modified Berlese funnels,,,,1,,,,,,
1399,2008,CB,cattle,cattle,domesticated,domestic,grazed vs ungrazed,2,unknown,none,3,3,,,1450,USA,1,scat counts; pitfall traps,1,,,1,,1,,,,
1404,2007,CB,elk; deer,indigenous,wild,wild,grazed vs ungrazed,up to 55,historic,historic,3,1,48,-120.833,421,USA,3,sweep net,1,,,1,,,,,,
1414,1998,CB,cattle/sheep,both,domesticated,domestic,grazed vs ungrazed,unknown,unknown,none,3,2,-45.4167,170.7,NA,New Zealand,2,scat couts,,,,,,,1,,,
1422,2017,CB,cattle/horses,cattle and domestic,domestivated,domestic,grazed vs ungrazed,up to 85,unknown,unknown,3,1,50.133,-120.433,1100,Canada,9,soil core,,1,,,,,,,,
1445,2013,CB,livestock (assuming sheep),sheep,domesticated,domestic,grazed vs ungrazed,unknown,unknown,unknown,unknown,4,-38.46666667,175.4166667,NA,New Zealand,5,tracking tunnel/artificial nest,,,,,,,1,,,
1466,2007,CB,cattle,cattle,domesticated,domestic,grazed vs ungrazed,up to 2,unknown,historic,3,3,37.1,-120.8166667,NA,USA,1,Klett et al. (1986),,,,,,,1,,,
1486,2017,CB,deer,indigenous,wild,wild,grazed vs ungrazed,5,yes,yes,3,1,46.66666667,10.25,NA,Switzerland,1,pitfall traps; suction sampler,1,,,1,,,,,,
1501,2014,CB,sheep,sheep,domesticated,domestic,grazed vs ungrazed,6,unknown,none,3,1,44.28333333,3.516666667,1050,France,1,line transect,1,,,1,,,,,,
1502,2014,CB,deer,indigenous,wild,wild,grazed vs ungrazed,5,yes,yes,3,1,46.66666667,10.25,NA,Switzerland,1,dna extraction; soil microbial biomass carbon,,1,,,,,,,,
1504,2013,CB,cattle,cattle,domesticated,domestic,grazed vs ungrazed,50,yes,yes,3,1,40.732,-115.229,2000,USA,1,removal traps,,,,,,,,1,,
1510,2012,CB,sheep,sheep,domesticated,domestic,grazed vs ungrazed,15,unknown,unknown,3,1,42.91666667,120.7,360,China,1,soil cores,,,,1,,,,,,
1528,2006,CB,cattle,cattle,domesticated,domestic,grazed vs ungrazed,26,unknown,unknown,3,1,31.6,-110.5,1500,USA,4,wire ring,,,,1,,,,,,
1529,2005,CB,cattle,cattle,domesticated,domestic,grazed vs ungrazed,>100 but not 3 years before study,unknown,historic,3,3,37.58333333,-121.7,305,USA,3,surveyed colonies,1,,,,,,,1,,
1553,2016,CB,"Heck cattle (Bos taurus), konik horses (Equus ferus caballus) and red deer (Cervus elaphus",indigenous,wild,wild,grazed vs ungrazed,27,unknown,unknown,3,4,52.43333333,5.35,NA,Netherlands,5,pitfall trap; soil sieving,1,,,1,,,,,,
1572,2014,CB,cattle,cattle,domesticated,domestic,grazed vs ungrazed,up to 13,unknown,unknown,3,1,,,NA,USA,2,fecal samples/spotlight and netting,,,,,,,1,,,
1586,2010,CB,cattle,cattle,domesticated,domestic,grazed vs ungrazed,21,unknown,unknown,3,1,27.58333333,-81.01666667,NA,USA,1,survey; baited traps,1,,,1,,,,,,
1613,2018,CB,deer,indigenous,wild,wild,grazed vs ungrazed,5,yes,yes,3,1,46.66666667,10.25,NA,Switzerland,1,suction sampler,1,,,1,,,,,,
1618,2017,CB,cattle/sheep,both,domesticated,domestic,grazed vs ungrazed,at least 10,unknown,unknown,2,1,54.18333333,-2.35,300,UK,3,pitfall trap,1,,,1,,,,,,
1649,2015,CB,"elk, moose, mule deer, bison, pronghorn, bighorn sheep",indigenous,wild,wild,grazed vs ungrazed,up to 80,yes,yes,3,1,43.48333333,-110.7333333,2000,USA,4,soil cores,1,1,,,,,,,,
1656,2014,CB,cattle,cattle,domesticated,domestic,grazed vs ungrazed,11,unknown,unknown,3,1,50.1,-112.5833333,NA,Canada,2,soil cores,,,,1,,,,,,
1657,2014,CB,cattle,cattle,domesticated,domestic,grazed vs ungrazed,up to 15,unknown,historic,3,10,50.06666667,-119.5666667,1230,Canada,1,traps,1,,,,,,,1,,
1660,2013,CB,rabbits,indigenous,wild,wild,grazed vs ungrazed,8,unknown,unknown,3,1,56.18333333,-2.55,NA,Scotland,4,soil cores,1,1,,,,,,,,
1689,2018,CB,"large herbivores, mostly reindeer and moose",indigenous,wild,wild,grazed v ungrazed,16,yes,yes,3,1,61,12,850,Norway; Sweeden,5,soil core,1,1,,,,,,,,
1697,2017,CB,sheep,sheep,domesticated,domestic,gradient,up to 30,unknown,unknown,3,1,42.68333333,-74,unknown,USA,2,soil core,1,1,,,,,,,,
1710,2017,CB,cattle,cattle,domesticated,domestic,grazed vs ungrazed,2,unknown,unknown,3,1,31.46666667,121.9333333,0.38,China,6,soil core,1,1,,,,,,,,
1712,2017,BA,sheep,sheep,domesticated,domestic,grazed vs. ungrazed,81,unknown,unknown,3,1,-31.48333333,24.05,1 265,South Africa,1,direct measurement & photograph,1,0,0,1,0,0,0,0,0,
1720,2016,BA,"cattle, horses",cattle and domestic,domesticated,domestic,grazed vs. ungrazed,unknown,co-occurring,co-occurring,3,1,6.883333333,39.73333333,3056-3096,Ethiopia,2,transect,1,0,0,0,0,0,1,0,0,
1722,2016,BA,reindeer,domestic,domesticated,domestic,grazed vs. ungrazed,18,co-occurring,none,3,4,68.05,24.15,,Finland,6,live traps: mark-recapture,1,0,0,0,0,0,0,1,0,
1733,2014,BA,deer,indigenous,native,wild,grazed vs. ungrazed,6-9 years,co-occurring,co-occurring,3,1,52.0167,-9.566666667,,Ireland,4,pitfall trap,1,0,0,1,0,0,0,0,0,
1757,2003,BA,cattle,cattle,domesticated,domestic,grazed vs. ungrazed,1,unknown,historic,3,3,45.06666667,-73.03333333,,Canada,4,counting,0,0,0,0,0,0,1,0,0,
1763,2018,BA,sheep,sheep,domesticated,domestic,grazed vs. ungrazed,4,co-occurring,co-occurring,3,5,37.4,104.1667,800-1500,China,1,live traps: mark-recapture,1,0,0,0,0,0,0,1,0,
1767,2018,BA,mixture of wild herbivores,indigenous,native,wild,progressive exclusion of wild herbivores by different mesh size exclosure,1,co-occurring,co-occurring,3,4,46.65,10.18333333,"1975, 2300",Switzerland,18,pitfall trap,1,0,0,1,0,0,0,0,0,
1770,2018,BA,"cattle, proghorn, various species of rodents and lagomorphs",cattle and indigenous,mixture of domesticated and native,both,grazed vs. ungrazed,18,co-occurring,co-occurring,3,1,40.8679305,-104.7072222,657,USA,3,soil cores,0,0,1,0,0,0,0,0,0,
1774,2018,BA,red deer,indigenous,native,wild,grazed vs. ungrazed,10,co-occurring,co-occurring,3,1,61.5,5.083333333,70,Norway,1,pitfall trap,1,0,0,1,0,0,0,0,0,
1775,2018,BA,"cattle, sheep, goat, camel",both,domesticated,domestic,grazed vs. ungrazed,33,unknown,unknown,3,1,15.5,-14.7,,Senegal,12,transect/count,1,0,0,0,0,0,1,0,0,
1777,2018,BA,"cattle, rodents",cattle and indigenous,"domesticated, native",both,grazed vs. ungrazed,1,co-occurring,co-occurring,2,3,,,,USA,1,"live trap, mark-recapture",1,0,0,0,0,0,0,1,0,
1782,2018,BA,mixture of wild herbivores,indigenous,domesticated,domestic,grazing gradient,,unknown,unknown,3,2,,,,Australia,108,search,1,0,0,0,0,0,1,0,0,
1783,2018,BA,cattle,cattle,domesticated,domestic,grazing gradient,12,unknown,unknown,3,2,32.91666667,35.58333333,,Israel,1,counting,0,0,0,1,0,0,0,0,0,
1788,2018,BA,"cattle, various wild ungulates",cattle and indigenous,"domesticated, native",both,grazing gradient,17,co-occurring,co-occurring,3,1,,,,Kenya,1,root extraction/termial restriction fragment length polymorphism,1,1,0,0,0,0,0,0,0,
1808,2018,BA,"sheep, goat, rabbit, kangaroos",sheep and domestic,domesticated,domestic,grazed vs. ungrazed,"21, 13",co-occurring,co-occurring,3,10,,,,Australia,8,traps,0,0,0,1,1,1,1,1,0,
1835,2017,BA,livestock,domestic,domesticated,domestic,grazed vs. ungrazed,5-20 years,unknown,unknown,3,1,,,2232 to 2937,Ethiopia,12,soil core/wet sieving,0,1,0,0,0,0,0,0,0,
1859,2016,BA,"cattle, horse, bighorn sheep",cattle and domestic,"domesticated, native",both,grazed vs. ungrazed,61,co-occurring,co-occurring,3,1,,,,USA,2,"observation, telemetry",1,0,0,0,0,0,0,1,0,
1860,2016,BA,sheep,sheep,domesticated,domestic,grazed vs. ungrazed,1,unknown,historic,2,2,-33.7,138.9333333,,Australia,1,transect,1,0,0,0,0,1,0,0,0,
1892,1992,BA,cattle,cattle,domesticated,domestic,grazing gradient,,unknown,unknown,,1,40.83333333,-104.7,1647,USA,1,pitfall & tracking,0,0,0,1,0,0,0,0,0,
1893,2004,BA,cattle,cattle,domesticated,domestic,grazing gradient,,unknown,none,,2,45.51666667,7.266666667,1900-3000,Italy,1,count,1,0,0,0,0,0,1,0,0,
1895,1996,BA,"goat, cattle",cattle and domestic,domesticated,domestic,grazing gradient,6,unknown,historic,3,1,,,,Argentina,4,pitfall,1,0,0,1,0,0,0,0,0,
1901,2005,BA,"sheep, cattle",both,domesticated,domestic,grazing gradient,3 to 30 years,unknown,none,3,1,46.55,23.6,270-400,Romania,13,light trap & transect,1,0,0,1,0,0,0,0,0,
1914,2006,BA,"sheep, cattle, horse",both,domesticated,domestic,grazed vs. ungrazed,5-10 years,unknown,none,3,1,55.66666667,13.5,,Sweden,24,transect,1,0,0,1,0,0,0,0,0,
1926,2008,BA,"cattle, horse",cattle and domestic,domesticated,domestic,grazing gradient,10,unknown,none,,1,59.08333333,16.46666667,,Sweden,8,observation,1,0,0,1,0,0,0,0,0,
1938,2006,BA,cattle,cattle,domesticated,domestic,grazing gradient,2-50 years,unknown,unknown,3,2,,,,Finland,68,transect,1,0,0,1,0,0,0,0,0,
1942,2005,BA,cattle,cattle,domesticated,domestic,grazing gradient,,unknown,unknown,3,1,,,,Hungary,42,transect,0,0,0,0,0,0,1,0,0,
1956,2010,BA,cattle,cattle,domesticated,domestic,grazing gradient,,unknown,unknown,3,1,,,,Hungary,42,"transect, sweepnet",1,0,0,1,0,0,0,0,0,
1958,2007,BA,cattle,cattle,domesticated,domestic,grazing gradient,,unknown,unknown,3,1,,,,Hungary,42,"transect, sweepnet",0,0,0,0,0,0,1,0,0,
1975,2004,BA,cattle,cattle,domesticated,domestic,grazing gradient,>10,unknown,unknown,3,2,,,,Finland,33,transec,1,0,0,1,0,0,0,0,0,
1991,2009,BA,cattle,cattle,domesticated,domestic,grazed vs.ungrazed,2-50 years,unknown,none,,1,,,,Finland,48,transect,1,0,0,1,0,0,0,0,0,
2002,2004,BA,horse,domestic,domesticated,domestic,grazing gradient,6,co-occuring,co-occurring,3,1,-38,-62.86666667,,Argentina,8,transect,1,0,0,0,0,0,1,0,0,
2004,1996,BA,"sheep, red deer, grouse moor",sheep and indigenous,"domesticated, native",both,grazing gradient,,co-occuring,co-occurring,3,1,,,,UK,20,"transect, sweep net",1,0,0,1,0,0,1,0,0,
2012,1996,BA,cattle,cattle,domesticated,domestic,grazing gradient,,unknown,unknown,3,1,,,,USA,5,photograph,0,0,0,1,0,0,0,0,0,
2018,2007,BA,cattle,cattle,domesticated,domestic,grazing gradient,,unknown,unknown,3,1,,,,Hungary,42,sweepnet,1,0,0,1,0,0,0,0,0,
2020,1981,BA,cattle,cattle,domesticated,domestic,grazing gradient,,unknown,unknown,3,1,,,,USA,180,transect,1,0,0,0,0,0,1,0,0,
2066,2001,BA,"cattle, sheep, horse",domestic,domesticated,domestic,grazing gradient,,unknown,unknown,3,5,59.86666667,17.65,,Sweden,20,territory mapping,1,0,0,0,0,0,1,0,0,
2073,2007,BA,cattle,cattle,domesticated,domestic,grazing gradient,,unknown,unknown,3,1,65.63333333,15.63333333,,Sweden,2,observation,1,0,0,1,0,0,0,0,0,
2076,2008,BA,"cattle, goat, sheep, horse, camels",both,domesticated,domestic,grazing gradient,,co-occuring,co-occurring,3,1,47.65,112.4166667,,Mongolia,1,transect/observation,1,0,0,1,0,0,0,0,0,
2100,2000,BA,cattle,cattle,domesticated,domestic,grazing gradient,,unknown,unknown,3,5,47.58333333,-104,,USA,9,sweepnet,1,0,0,1,0,0,0,0,0,
2117,2015,BA,"sheep, goat, cattle, ponies, horses",both,domestic,domestic,grazed vs. ungrazed,5-15 years,unknown,none,3,1,51.50833333,9.15,,Germany,30,"transect, suction sampling, pan traps, box quadrat, pitfall traps",1,0,0,1,0,0,0,0,0,
2118,2013,BA,cattle,cattle,domesticated,domestic,grazing gradient,,unknown,unknown,3,1,,,,Hungary,42,"pitfall, sweepnet, transect",1,0,0,1,0,0,1,0,0,
2120,2009,BA,cattle,cattle,domesticated,domestic,grazing gradient,,unknown,unknown,3,3,,,,Hungary,8,sweepnet,0,0,0,1,0,0,0,0,0,
2128,2013,BA,sheep,sheep,domesticated,domestic,grazing gradient,,unknown,unknown,3,5,43.63333333,116.7,1200,China,1,soil core/baermann funnel,0,0,1,0,0,0,0,0,0,
2133,2008,BA,"cattle, horse",cattle and domestic,domesticated,domestic,grazed vs. ungrazed,,unknown,unknown,2,2,56.61666667,14.18333333,,Sweden,16,transect,0,0,0,1,0,0,0,0,0,
2152,2008,JG,goat,domestic,domestic,domestic,gradients,,unknown,unknown,unknown,3,43.35,-6.8833,925,Spain,9,sweep-net,1,0,0,1,0,0,0,0,,
2153,2006,JG,"cattle, horses, sheep",both,domestic,domestic,gradients,,unknown,unknown,3,2,56.6649,16.6365,UNKN,Sweden,330,ocular count,0,0,0,0,0,0,1,0,,
2181,2003,JG,cattle and sheep,both,domestic,domestic,gradients and grazed/non-grazed,,unknown,unknown,3,3,31.36666667,-24.75,Unknown,South Africa,6,Daubenmire and sweep nets,1,0,0,1,0,0,0,0,,
2196,2007,JG,"horse, cattle, sheep",both,domestic,domestic,gradient,,unknown,unknown,3,1,46.91666667,6.566666667,300-1100,Switzerland,21,Ocular estimation,0,0,0,0,0,0,0,0,1,
2199,2000,JG,cattle,cattle,domestic,domestic,gradient and system,,None,None,Unknown,2,49.86666667,-99.98333333,363,Canada,8,"Chloroform fumigation and direct extraction (Microbical C and N), Maximum potential activity (arylsulfatase)",0,1,0,0,0,0,0,0,0,
2200,1999,JG,"Goats, sheep, feral donkeys",sheep and domestic,domestic,domestic,gradient,,Co-occurring,Co-occurring,3,1,30.4,-18.13333333,900-1500,South Africa,3,"PVC live traps, ocular estimates, line-intercept",1,0,0,0,0,0,1,1,0,
2211,2014,JG,cattle,cattle,domestic,domestic,gradient,,unknown,unknown,2,2,51.78194444,9.703611111,250,Germany,6,"Sweep-net, ocular estimation",0,0,0,1,0,0,0,0,0,
2239,1996,JG,rabbits,indigenous,native,wild,gradient,,co-occuring,co-occurring,3,2,52.462382,0.584451,UNKN,UK,4,"Pitfall traps, extractor",0,0,0,1,0,0,0,0,0,
2243,2011,JG,sheep,sheep,domestic,domestic,gradient,,co-occuring,co-occurring,3,1,-29.43333333,134.8,UNKN,Australia,4,Pitfall traps,0,0,0,1,0,0,0,0,0,
2263,2007,JG,"goats, cattle, horses",cattle and domestic,domestic,domestic,gradient,,co-occuring,co-occurring,2,1,-39.28333333,-68.91666667,UNKN,Patagonia,7,Ocular estimation,1,0,0,1,0,0,0,0,0,
2267,1997,JG,rabbits,indigenous,native,wild,gradient,,unknown,unknown,3,15,52.462382,0.584451,UNKN,UK,3,"Extractor, ocular estimation",0,0,0,1,0,0,0,0,0,
2274,2011,JG,cattle,cattle,domestic,domestic,grazed/non-grazed,unknown,unknown,unknown,2,3,40.797394,-94.315422,UNKN,USA,13,"Ocular transect, robel pole, quadrats",1,0,0,0,0,0,1,0,0,
2276,2007,JG,cattle and horses,cattle and domestic,domestic,domestic,gradient,,unknown,unknown,2,1,47.25,7.133333333,360,Switzerland,21,Quadrats,1,0,0,0,0,0,0,0,1,
2282,2003,JG,"""Mixed""",domestic,domestic,domestic,gradient,,unknown,unknown,3,2,52.654145,-7.244789,UNKN,Ireland,20,Core extraction,0,0,1,0,0,0,0,0,0,
2341,2012,JG,Antipodeans and ostriches,indigenous,native,wild,gradient,,Co-ocurring,Co-ocurring,3,1,34.65,9.8,UNKN,Tunisia,2,Coring and transects,0,1,0,0,0,0,0,0,0,
2342,2012,JG,cattle,cattle,domestic,domestic,gradient,,Co-ocurring,Co-ocurring,2,4,40.797643,-104.03099,UNKN,USA,5,Stratified ocular survey,1,0,0,0,0,0,1,0,0,
2359,2015,JG,cattle and bison,cattle and domestic,domestic and native,both,gradient,,Co-ocurring,Co-ocurring,2,2,37.283361,-96.675303,UNKN,USA,2,Walk-in traps,0,0,0,0,0,0,1,0,0,
2361,2014,JG,cattle,cattle,domestic,domestic,grazed/non-grazed,27,Unknown,Unknown,2,1,47.109046,11.305246,Unkn,Austria,2,Soil cores,0,1,0,0,0,0,0,0,0,
2366,2012,JG,cattle,cattle,domestic,domestic,gradient,0,Co-ocurring,Co-ocurring,2,2,45.555892,-116.958709,1400,USA,16,"Robel pole, vane traps",1,0,0,1,0,0,0,0,0,
2381,2004,JG,cattle,cattle,domestic,domestic,gradient,,Co-ocurring,Co-ocurring,3,1,-16.118818,130.958083,UNKN,Australia,11,Pitfall traps,0,0,0,1,0,0,0,0,0,
2391,2016,JG,UNKN,domestic,domestic,domestic,gradient,,UNKN,UNKN,2,4,52.9038,13.87274,UNKN,Germany,3,Sweep-net,0,0,0,1,0,0,0,0,0,
2395,2014,JG,cattle,cattle,domestic,domestic,gradient,,Co-ocurring,Co-ocurring,2,1,-4.13606,-80.588259,UNKN,Peru,39,"Ocular transect survey, plots",1,0,0,0,0,0,1,0,0,
2396,2012,JG,cattle,cattle,domestic,domestic,gradient,,UNKN,UNKN,1,3,-17.349178,125.915206,UNKN,Australia,7,Ocular estimation,0,0,0,0,0,0,1,0,0,
2397,2012,JG,cattle,cattle,domestic,domestic,gradient,,UNKN,UNKN,2,2,45.555892,-116.958709,UNKN,USA,1,Rope dragging and robel pole ocular estimation,1,0,0,0,0,0,1,0,0,
2402,2009,JG,sheep and cattle,both,domestic,domestic,gradient,,UNKN,UNKN,2,1,56.234187,-4.369429,350,Scotland,3,"Flushing, leaf blower, quadrat - stratified",1,0,0,1,0,0,1,0,0,
2409,2004,JG,sheep and cattle,both,domestic,domestic,grazed/ungrazed,16,UNKN,UNKN,2,8,56.216667,10.533333,UNKN,Denmark,5,Straified cores,0,1,0,0,0,0,0,0,0,
2431,2012,JG,cattle,cattle,domestic,domestic,gradient,,Co-ocurring,Co-ocurring,3,2,-20.554264,146.110372,UNKN,Australia,16,"Eliott traps, pitfall traps, cage traps, quadrats, ocular transects",1,0,0,0,0,0,1,1,0,
2432,2011,JG,"sheep, cattle, horse, goats, donkey",both,domestic,domestic,gradient,,Co-ocurring,Co-ocurring,2,2,42.66811,1.001761,UNKN,Spain,28,Record referencing,0,0,0,1,0,0,0,0,0,
2433,2011,JG,cattle,cattle,domestic,domestic,gradient,,Co-ocurring,Co-ocurring,2,4,45.555864,-116.956839,UNKN,USA,4,"Robel pole, point count",1,0,0,0,0,0,1,0,0,
2441,2009,JG,cattle,cattle,domestic,domestic,gradient,,UNKN,UNKN,2,1,47.556368,20.41904,UNKN,Hungary,7,"transect quadrats, sweep nets",1,0,0,1,0,0,0,0,0,
2444,2008,JG,sheep,sheep,domestic,domestic,gradient,,UNKN,UNKN,2,1,60.529285,-1.265202,UNKN,UK,40,"transect vegetation height, ocular survey",1,0,0,0,0,0,1,0,0,
2456,1992,JG,cattle,cattle,domestic,domestic,gradient,,UNKN,UNKN,UNKN,1,30.615718,-96.363543,UNKN,USA,1,"Radio collars, vertical strata",1,0,0,0,0,0,1,0,0,
2457,1991,JG,cattle,cattle,domestic,domestic,gradient,UNKN,Co-ocurring,Co-ocurring,3,1,38.259284,-119.542137,UNKN,USA,3,Visual transects,0,0,0,0,0,0,0,1,0,
2463,2014,JG,cattle,cattle,domestic,domestic,gradient,,UNKN,UNKN,2,1,52.133132,-106.670134,UNKN,Canada,8,Visual observation,0,0,0,0,0,0,1,0,0,
2464,2014,JG,cattle,cattle,domestic,domestic,gradient,,UNKN,UNKN,2,1,24.713084,93.83844,UNKN,India,3,Stratified coring,0,1,0,0,0,0,0,0,0,
2474,2008,JG,"cattle, sheep, goats",both,domestic,domestic,grazed/ungrazed,UNKN,UNKN,UNKN,2,2,37.778169,-81.187972,UNKN,USA,13,Coverboard p/a,0,0,0,0,0,1,0,0,0,
2488,2016,JG,sheep and goat,sheep and domestic,domestic,domestic,gradient,,UNKN,UNKN,2,1,39.211424,25.852548,UNKN,Greece,11,"Stratified hand-netting, stratified quadrats",1,0,0,1,0,0,0,0,0,
2490,2015,JG,yaks,domestic,native,wild,gradient,,UNKN,UNKN,2,1,33.997712,102.072698,UNKN,China,3,"Soil cores, stratified quadrats",1,0,1,0,0,0,0,0,0,
2493,2014,JG,reindeer,domestic,native,wild,gradient,,co-ocurring,co-ocurring,3,1,69.283331,21.300011,615,Norway,1,Soil cores,0,1,0,0,0,0,0,0,0,
2496,2012,JG,sheep and goats,sheep and domestic,native,wild,gradient,,co-ocurring,co-ocurring,3,1,37.384191,46.511478,1925,Iran,3,Systematic randomized coring,0,1,0,0,0,0,0,0,0,
2503,2004,JG,sheep and goats,sheep and domestic,domestic,domestic,gradient,,yes,yes,3,1,-30.536965,145.115543,UNKN,Australia,2,Pitfall traps,0,0,0,1,0,0,0,0,0,
2522,2014,JG,cattle,cattle,domestic,domestic,gradient,,co-ocurring,co-ocurring,1,6,49.132747,-107.447211,UNKN,Canada,9,"Point-count, stratified quadrats",0,0,0,0,0,0,0,1,0,
2528,2013,JG,"yak, sheep, goat, horse",sheep and domestic,domestic and native,both,gradient,,co-ocurring,co-ocurring,3,1,30.166667,90.000001,UNKN,China,1,Visual observation,0,0,0,0,0,0,0,1,0,
2529,2012,JG,"cattle, donkey, sheep",both,domestic,domestic,gradient,,UNKN,UNKN,2,1,-23.942309,31.141104,440,South Africa,1,Celluose based bait traps,1,0,0,1,0,0,0,0,0,
2552,2015,JG,"cattle, sheep, goats",both,domestic,domestic,grazed/ungrazed,UNKN,None,None,1,2,43.860049,125.589852,UNKN,China,1,Sweep net,0,0,0,1,0,0,0,0,0,
2556,2015,JG,cattle,cattle,domestic,domestic,gradient,,UNKN,UNKN,3,2,-29.90017,136.409632,UNKN,Australia,6,pitfall and elliott traps,0,0,0,0,0,1,0,1,0,
2565,2012,IH,cattle,cattle,domestic,domestic,gradient,,unknown,unknown,3,3,50.4,-3.82,30,UK,13,suction sample,1,0,,1,0,0,0,0,0,
2570,2008,IH,cattle,cattle,domestic,domestic,gradient,,unknown,unknown,unknown,2,,,,Canada,16,cable-chain drag,1,0,0,0,0,0,1,0,0,
2573,2006,IH,"rabbits, cattle, deer",cattle and domestic,both,both,grazed gradient vs ungrazed,variable,co-occurring,co-occurring,3,20,53.57,52.38,52.47,UK,3,unknown,1,0,0,1,0,0,0,0,0,
2598,2015,IH,sheep,sheep,domestic,domestic,grazed vs ungrazed,at least 10-24 years,,0,,1,43.506944,116.825,1442; 1260; 1180; 1100,Mongolia,4,sweep nets,1,1,0,0,1,0,0,0,0,
2728,2016,IH,cattle,cattle,domestic,domestic,grazed vs ungrazed,0,unknown,none,3,1,59.74256,18.77014,24; 36; 49; 17; 23; 35; 54; 10; 9; 11; 7; 49,Sweden,8,sweep nets,unknown,0,0,0,1,0,0,0,0,
2947,2018,IH,cattle,cattle,domestic,domestic,gradient,0,unknown,unknown,3,3,-23.575,146.125,350,Australia,1,Pitfall traps,unknown,1,0,0,0,0,1,0,0,
2965,2017,IH,cattle,cattle,domestic,domestic,gradient,0,unknown,unknown,3,3,50.902254,15.906418,425,Poland,1,Pitfall traps,native,1,0,0,1,0,0,0,0,
2992,2011,CB,cattle,cattle,domesticated,domestic,grazed; ungrazed,30,yes,yes,3,3,51.7667,-122.4167,unknown,Canada,1,nest survey,1,,,,,,1,,,
