uniqueID,Higher.Taxa,Taxa,Detailed.Taxa,Genus,Species,Functional.Group,Estimate,siteID,year,replicate,grazing.compare,grazing.reduced,last.grazed,yr.grazed,grazing.estimate,grazing.value,Status,Stat,Value
3118,Vertebrate,amphibian,,Leptodactylus,diptyx,Predator,abundance,c,2007,8,ungrazed,ungrazed,12,12,per cattle unit,3.1,,mean,0
3118,Vertebrate,amphibian,,Rhinella,schneideri,Predator,abundance,c,2007,8,ungrazed,ungrazed,12,12,per cattle unit,3.1,,mean,0
3118,Vertebrate,amphibian,,Elachistocleis,bicolor,Predator,abundance,c,2007,8,ungrazed,ungrazed,12,12,per cattle unit,3.1,,mean,0.25
3118,Vertebrate,amphibian,,Leptodactylus,gracilis,Predator,abundance,c,2007,8,ungrazed,ungrazed,12,12,per cattle unit,3.1,,mean,0
3118,Vertebrate,amphibian,,Leptodactylus,ocellatus,Predator,abundance,c,2007,8,ungrazed,ungrazed,12,12,per cattle unit,3.1,,mean,1
3118,Vertebrate,amphibian,,Leptodactylus,podicipinus,Predator,abundance,c,2007,8,ungrazed,ungrazed,12,12,per cattle unit,3.1,,mean,4
3118,Vertebrate,amphibian,,Lysapsus,limellus,Predator,abundance,c,2007,8,ungrazed,ungrazed,12,12,per cattle unit,3.1,,mean,0.25
3118,Vertebrate,amphibian,,Odontophrynus,americanus,Predator,abundance,c,2007,8,ungrazed,ungrazed,12,12,per cattle unit,3.1,,mean,0.13
3118,Vertebrate,amphibian,,Physalaemus,albonotatus,Predator,abundance,c,2007,8,ungrazed,ungrazed,12,12,per cattle unit,3.1,,mean,0.25
3118,Vertebrate,amphibian,,Physalaemus,biligonigerus,Predator,abundance,c,2007,8,ungrazed,ungrazed,12,12,per cattle unit,3.1,,mean,0.25
3118,Vertebrate,amphibian,,Physalaemus,riograndensis,Predator,abundance,c,2007,8,ungrazed,ungrazed,12,12,per cattle unit,3.1,,mean,0
3118,Vertebrate,amphibian,,Physalaemus,santafecinus,Predator,abundance,c,2007,8,ungrazed,ungrazed,12,12,per cattle unit,3.1,,mean,0.25
3118,Vertebrate,amphibian,,Pseudopaludicola,mystacalis,Predator,abundance,c,2007,8,ungrazed,ungrazed,12,12,per cattle unit,3.1,,mean,0.13
3118,Vertebrate,amphibian,,Scinax,nasicus,Predator,abundance,c,2007,8,ungrazed,ungrazed,12,12,per cattle unit,3.1,,mean,0
3118,Vertebrate,amphibian,,Leptodactylus,diptyx,Predator,abundance,c,2007,8,ungrazed,ungrazed,12,12,per cattle unit,3.1,,se,0
3118,Vertebrate,amphibian,,Rhinella,schneideri,Predator,abundance,c,2007,8,ungrazed,ungrazed,12,12,per cattle unit,3.1,,se,0
3118,Vertebrate,amphibian,,Elachistocleis,bicolor,Predator,abundance,c,2007,8,ungrazed,ungrazed,12,12,per cattle unit,3.1,,se,0.16
3118,Vertebrate,amphibian,,Leptodactylus,gracilis,Predator,abundance,c,2007,8,ungrazed,ungrazed,12,12,per cattle unit,3.1,,se,0
3118,Vertebrate,amphibian,,Leptodactylus,ocellatus,Predator,abundance,c,2007,8,ungrazed,ungrazed,12,12,per cattle unit,3.1,,se,0.13
3118,Vertebrate,amphibian,,Leptodactylus,podicipinus,Predator,abundance,c,2007,8,ungrazed,ungrazed,12,12,per cattle unit,3.1,,se,0.19
3118,Vertebrate,amphibian,,Lysapsus,limellus,Predator,abundance,c,2007,8,ungrazed,ungrazed,12,12,per cattle unit,3.1,,se,0.25
3118,Vertebrate,amphibian,,Odontophrynus,americanus,Predator,abundance,c,2007,8,ungrazed,ungrazed,12,12,per cattle unit,3.1,,se,0.13
3118,Vertebrate,amphibian,,Physalaemus,albonotatus,Predator,abundance,c,2007,8,ungrazed,ungrazed,12,12,per cattle unit,3.1,,se,0.16
3118,Vertebrate,amphibian,,Physalaemus,biligonigerus,Predator,abundance,c,2007,8,ungrazed,ungrazed,12,12,per cattle unit,3.1,,se,0.16
3118,Vertebrate,amphibian,,Physalaemus,riograndensis,Predator,abundance,c,2007,8,ungrazed,ungrazed,12,12,per cattle unit,3.1,,se,0
3118,Vertebrate,amphibian,,Physalaemus,santafecinus,Predator,abundance,c,2007,8,ungrazed,ungrazed,12,12,per cattle unit,3.1,,se,0.16
3118,Vertebrate,amphibian,,Pseudopaludicola,mystacalis,Predator,abundance,c,2007,8,ungrazed,ungrazed,12,12,per cattle unit,3.1,,se,0.13
3118,Vertebrate,amphibian,,Scinax,nasicus,Predator,abundance,c,2007,8,ungrazed,ungrazed,12,12,per cattle unit,3.1,,se,0
3118,Vertebrate,amphibian,,Leptodactylus,diptyx,Predator,abundance,d,2007,8,grazed,grazed,0,0,per cattle unit,3.1,,mean,0
3118,Vertebrate,amphibian,,Rhinella,schneideri,Predator,abundance,d,2007,8,grazed,grazed,0,0,per cattle unit,3.1,,mean,0.13
3118,Vertebrate,amphibian,,Elachistocleis,bicolor,Predator,abundance,d,2007,8,grazed,grazed,0,0,per cattle unit,3.1,,mean,0.38
3118,Vertebrate,amphibian,,Leptodactylus,gracilis,Predator,abundance,d,2007,8,grazed,grazed,0,0,per cattle unit,3.1,,mean,0
3118,Vertebrate,amphibian,,Leptodactylus,ocellatus,Predator,abundance,d,2007,8,grazed,grazed,0,0,per cattle unit,3.1,,mean,0.25
3118,Vertebrate,amphibian,,Leptodactylus,podicipinus,Predator,abundance,d,2007,8,grazed,grazed,0,0,per cattle unit,3.1,,mean,1.75
3118,Vertebrate,amphibian,,Lysapsus,limellus,Predator,abundance,d,2007,8,grazed,grazed,0,0,per cattle unit,3.1,,mean,0
3118,Vertebrate,amphibian,,Odontophrynus,americanus,Predator,abundance,d,2007,8,grazed,grazed,0,0,per cattle unit,3.1,,mean,0.13
3118,Vertebrate,amphibian,,Physalaemus,albonotatus,Predator,abundance,d,2007,8,grazed,grazed,0,0,per cattle unit,3.1,,mean,0.13
3118,Vertebrate,amphibian,,Physalaemus,biligonigerus,Predator,abundance,d,2007,8,grazed,grazed,0,0,per cattle unit,3.1,,mean,0.13
3118,Vertebrate,amphibian,,Physalaemus,riograndensis,Predator,abundance,d,2007,8,grazed,grazed,0,0,per cattle unit,3.1,,mean,0
3118,Vertebrate,amphibian,,Physalaemus,santafecinus,Predator,abundance,d,2007,8,grazed,grazed,0,0,per cattle unit,3.1,,mean,0
3118,Vertebrate,amphibian,,Pseudopaludicola,mystacalis,Predator,abundance,d,2007,8,grazed,grazed,0,0,per cattle unit,3.1,,mean,0
3118,Vertebrate,amphibian,,Scinax,nasicus,Predator,abundance,d,2007,8,grazed,grazed,0,0,per cattle unit,3.1,,mean,0
3118,Vertebrate,amphibian,,Leptodactylus,diptyx,Predator,abundance,d,2007,8,grazed,grazed,0,0,per cattle unit,3.1,,se,0
3118,Vertebrate,amphibian,,Rhinella,schneideri,Predator,abundance,d,2007,8,grazed,grazed,0,0,per cattle unit,3.1,,se,0.1
3118,Vertebrate,amphibian,,Elachistocleis,bicolor,Predator,abundance,d,2007,8,grazed,grazed,0,0,per cattle unit,3.1,,se,0.3
3118,Vertebrate,amphibian,,Leptodactylus,gracilis,Predator,abundance,d,2007,8,grazed,grazed,0,0,per cattle unit,3.1,,se,0
3118,Vertebrate,amphibian,,Leptodactylus,ocellatus,Predator,abundance,d,2007,8,grazed,grazed,0,0,per cattle unit,3.1,,se,0.3
3118,Vertebrate,amphibian,,Leptodactylus,podicipinus,Predator,abundance,d,2007,8,grazed,grazed,0,0,per cattle unit,3.1,,se,1.3
3118,Vertebrate,amphibian,,Lysapsus,limellus,Predator,abundance,d,2007,8,grazed,grazed,0,0,per cattle unit,3.1,,se,0
3118,Vertebrate,amphibian,,Odontophrynus,americanus,Predator,abundance,d,2007,8,grazed,grazed,0,0,per cattle unit,3.1,,se,0.1
3118,Vertebrate,amphibian,,Physalaemus,albonotatus,Predator,abundance,d,2007,8,grazed,grazed,0,0,per cattle unit,3.1,,se,0.1
3118,Vertebrate,amphibian,,Physalaemus,biligonigerus,Predator,abundance,d,2007,8,grazed,grazed,0,0,per cattle unit,3.1,,se,0.1
3118,Vertebrate,amphibian,,Physalaemus,riograndensis,Predator,abundance,d,2007,8,grazed,grazed,0,0,per cattle unit,3.1,,se,0
3118,Vertebrate,amphibian,,Physalaemus,santafecinus,Predator,abundance,d,2007,8,grazed,grazed,0,0,per cattle unit,3.1,,se,0
3118,Vertebrate,amphibian,,Pseudopaludicola,mystacalis,Predator,abundance,d,2007,8,grazed,grazed,0,0,per cattle unit,3.1,,se,0
3118,Vertebrate,amphibian,,Scinax,nasicus,Predator,abundance,d,2007,8,grazed,grazed,0,0,per cattle unit,3.1,,se,0
3118,Vertebrate,reptilia,,Kentropyx,viridistriga,Predator,abundance,c,2007,8,ungrazed,ungrazed,12,12,per cattle unit,3.1,,mean,0.75
3118,Vertebrate,reptilia,,Mabuya,dorsivittata,Predator,abundance,c,2007,8,ungrazed,ungrazed,12,12,per cattle unit,3.1,,mean,0.25
3118,Vertebrate,reptilia,,Ophiodes,intermedius,Predator,abundance,c,2007,8,ungrazed,ungrazed,12,12,per cattle unit,3.1,,mean,0
3118,Vertebrate,reptilia,,Cercosaura,schreibersii,Predator,abundance,c,2007,8,ungrazed,ungrazed,12,12,per cattle unit,3.1,,mean,0.75
3118,Vertebrate,reptilia,,Teius,oculatus,Predator,abundance,c,2007,8,ungrazed,ungrazed,12,12,per cattle unit,3.1,,mean,3.75
3118,Vertebrate,reptilia,,Tupinambis,merianae,Predator,abundance,c,2007,8,ungrazed,ungrazed,12,12,per cattle unit,3.1,,mean,0
3118,Vertebrate,reptilia,,Kentropyx,viridistriga,Predator,abundance,c,2007,8,ungrazed,ungrazed,12,12,per cattle unit,3.1,,se,0.4
3118,Vertebrate,reptilia,,Mabuya,dorsivittata,Predator,abundance,c,2007,8,ungrazed,ungrazed,12,12,per cattle unit,3.1,,se,0.2
3118,Vertebrate,reptilia,,Ophiodes,intermedius,Predator,abundance,c,2007,8,ungrazed,ungrazed,12,12,per cattle unit,3.1,,se,0
3118,Vertebrate,reptilia,,Cercosaura,schreibersii,Predator,abundance,c,2007,8,ungrazed,ungrazed,12,12,per cattle unit,3.1,,se,0.3
3118,Vertebrate,reptilia,,Teius,oculatus,Predator,abundance,c,2007,8,ungrazed,ungrazed,12,12,per cattle unit,3.1,,se,1
3118,Vertebrate,reptilia,,Tupinambis,merianae,Predator,abundance,c,2007,8,ungrazed,ungrazed,12,12,per cattle unit,3.1,,se,0
3118,Vertebrate,reptilia,,Kentropyx,viridistriga,Predator,abundance,d,2007,8,grazed,grazed,0,0,per cattle unit,3.1,,mean,0.13
3118,Vertebrate,reptilia,,Mabuya,dorsivittata,Predator,abundance,d,2007,8,grazed,grazed,0,0,per cattle unit,3.1,,mean,0.38
3118,Vertebrate,reptilia,,Ophiodes,intermedius,Predator,abundance,d,2007,8,grazed,grazed,0,0,per cattle unit,3.1,,mean,0
3118,Vertebrate,reptilia,,Cercosaura,schreibersii,Predator,abundance,d,2007,8,grazed,grazed,0,0,per cattle unit,3.1,,mean,0.38
3118,Vertebrate,reptilia,,Teius,oculatus,Predator,abundance,d,2007,8,grazed,grazed,0,0,per cattle unit,3.1,,mean,1.25
3118,Vertebrate,reptilia,,Tupinambis,merianae,Predator,abundance,d,2007,8,grazed,grazed,0,0,per cattle unit,3.1,,mean,0
3118,Vertebrate,reptilia,,Kentropyx,viridistriga,Predator,abundance,d,2007,8,grazed,grazed,0,0,per cattle unit,3.1,,se,0.13
3118,Vertebrate,reptilia,,Mabuya,dorsivittata,Predator,abundance,d,2007,8,grazed,grazed,0,0,per cattle unit,3.1,,se,0.26
3118,Vertebrate,reptilia,,Ophiodes,intermedius,Predator,abundance,d,2007,8,grazed,grazed,0,0,per cattle unit,3.1,,se,0
3118,Vertebrate,reptilia,,Cercosaura,schreibersii,Predator,abundance,d,2007,8,grazed,grazed,0,0,per cattle unit,3.1,,se,0.26
3118,Vertebrate,reptilia,,Teius,oculatus,Predator,abundance,d,2007,8,grazed,grazed,0,0,per cattle unit,3.1,,se,0.45
3118,Vertebrate,reptilia,,Tupinambis,merianae,Predator,abundance,d,2007,8,grazed,grazed,0,0,per cattle unit,3.1,,se,0
3118,Plants,plants,,,,Producer,abundance,c,2007,30,ungrazed,ungrazed,12,12,per cattle unit,3.1,,mean,4.63
3118,Plants,plants,,,,Producer,abundance,c,2007,30,ungrazed,ungrazed,12,12,per cattle unit,3.1,,se,0.42
3118,Plants,plants,,,,Producer,abundance,d,2007,30,grazed,grazed,0,0,per cattle unit,3.1,,mean,3.5
3118,Plants,plants,,,,Producer,abundance,d,2007,30,grazed,grazed,0,0,per cattle unit,3.1,,se,0.38
3118,Plants,plants,,,,Producer,richness,c,2007,30,ungrazed,ungrazed,12,12,per cattle unit,3.1,,mean,0.37
3118,Plants,plants,,,,Producer,richness,c,2007,30,ungrazed,ungrazed,12,12,per cattle unit,3.1,,se,0.05
3118,Plants,plants,,,,Producer,richness,d,2007,30,grazed,grazed,0,0,per cattle unit,3.1,,mean,0.57
3118,Plants,plants,,,,Producer,richness,d,2007,30,grazed,grazed,0,0,per cattle unit,3.1,,se,0.08
3147,Invertebrate,Insecta,butterfly,,,Pollinator,richness,,2016,18,grazed,grazed,0,0,horse per ha,0.35,,mean,0.7222
3147,Invertebrate,Insecta,butterfly,,,Pollinator,richness,,2016,18,ungrazed,ungrazed,1,1,horse per ha,0.35,,mean,0.2037
3147,Invertebrate,Insecta,bumble,Bombus,Spp.,Pollinator,richness,,2016,18,grazed,grazed,0,0,horse per ha,0.35,,mean,1.6111
3147,Invertebrate,Insecta,bumble,Bombus,Spp.,Pollinator,richness,,2016,18,ungrazed,ungrazed,1,1,horse per ha,0.35,,mean,0.4259
3147,Invertebrate,Insecta,butterfly,,,Pollinator,richness,,2016,18,grazed,grazed,0,0,horse per ha,0.35,,se,0.1617
3147,Invertebrate,Insecta,butterfly,,,Pollinator,richness,,2016,18,ungrazed,ungrazed,1,1,horse per ha,0.35,,se,0.0668
3147,Invertebrate,Insecta,bumble,Bombus,Spp.,Pollinator,richness,,2016,18,grazed,grazed,0,0,horse per ha,0.35,,se,0.2038
3147,Invertebrate,Insecta,bumble,Bombus,Spp.,Pollinator,richness,,2016,18,ungrazed,ungrazed,1,1,horse per ha,0.35,,se,0.0861
3147,Plants,Plants,plant,,,Pollinator,richness,,2016,18,grazed,grazed,0,0,horse per ha,0.35,,mean,8.1296
3147,Plants,Plants,plant,,,Pollinator,richness,,2016,18,ungrazed,ungrazed,1,1,horse per ha,0.35,,mean,6.2407
3147,Plants,Plants,plant,,,Pollinator,richness,,2016,18,grazed,grazed,0,0,horse per ha,0.35,,se,0.1774
3147,Plants,Plants,plant,,,Pollinator,richness,,2016,18,ungrazed,ungrazed,1,1,horse per ha,0.35,,se,0.1293
3027,Invertebrate,Insecta,Bee,,,Pollinator,abundance,,2014,37,ungrazed,ungrazed,,,AUM,2.4,,mean,133.8
3027,Invertebrate,Insecta,Bee,,,Pollinator,abundance,,2014,37,ungrazed,ungrazed,,,AUM,2.4,,se,10.08
3027,Invertebrate,Insecta,Bee,,,Pollinator,abundance,,2014,37,grazed,grazed,,,AUM,2.4,,mean,63
3027,Invertebrate,Insecta,Bee,,,Pollinator,abundance,,2014,37,grazed,grazed,,,AUM,2.4,,se,3.74
3027,Invertebrate,Insecta,Bee,,,Pollinator,richness,,2014,37,ungrazed,ungrazed,,,AUM,2.4,,mean,15.6
3027,Invertebrate,Insecta,Bee,,,Pollinator,richness,,2014,37,ungrazed,ungrazed,,,AUM,2.4,,se,0.66
3027,Invertebrate,Insecta,Bee,,,Pollinator,richness,,2014,37,grazed,grazed,,,AUM,2.4,,mean,12.8
3027,Invertebrate,Insecta,Bee,,,Pollinator,richness,,2014,37,grazed,grazed,,,AUM,2.4,,se,0.77
3027,Plants,Plants,plant,,,Producer,abundance,,2014,5,ungrazed,ungrazed,,,AUM,2.4,,mean,7.8
3027,Plants,Plants,plant,,,Producer,abundance,,2014,5,ungrazed,ungrazed,,,AUM,2.4,,se,0.31
3027,Plants,Plants,plant,,,Producer,abundance,,2014,5,grazed,grazed,,,AUM,2.4,,mean,5.6
3027,Plants,Plants,plant,,,Producer,abundance,,2014,5,grazed,grazed,,,AUM,2.4,,se,0.49
3027,Plants,Plants,plant,,,Producer,richness,,2014,5,ungrazed,ungrazed,,,AUM,2.4,,mean,19.6
3027,Plants,Plants,plant,,,Producer,richness,,2014,5,ungrazed,ungrazed,,,AUM,2.4,,se,2.28
3027,Plants,Plants,plant,,,Producer,richness,,2014,5,grazed,grazed,,,AUM,2.4,,mean,14
3027,Plants,Plants,plant,,,Producer,richness,,2014,5,grazed,grazed,,,AUM,2.4,,se,1.48
3029,Invertebrate,Insecta,Coleoptera,Heteronyx,sp.,Herbivore,abundance,strip,2000,16,ungrazed,ungrazed,,,,,,mean,0.42
3029,Invertebrate,Insecta,Coleoptera,Heteronyx,sp.,Herbivore,abundance,grazed strip,2000,16,grazed,grazed,,,,,,mean,0
3029,Invertebrate,Insecta,Coleoptera,Heteronyx,sp.,Herbivore,abundance,strip,2000,16,ungrazed,ungrazed,,,,,,se,0.1
3029,Invertebrate,Insecta,Coleoptera,Heteronyx,sp.,Herbivore,abundance,grazed strip,2000,16,grazed,grazed,,,,,,se,0
3029,Invertebrate,Insecta,Coleoptera,Neocarenum,elongatum,Carnivore,abundance,strip,2000,16,ungrazed,ungrazed,,,,,,mean,0.32
3029,Invertebrate,Insecta,Coleoptera,Neocarenum,elongatum,Carnivore,abundance,grazed strip,2000,16,grazed,grazed,,,,,,mean,0.95
3029,Invertebrate,Insecta,Coleoptera,Neocarenum,elongatum,Carnivore,abundance,strip,2000,16,ungrazed,ungrazed,,,,,,se,0.27
3029,Invertebrate,Insecta,Coleoptera,Neocarenum,elongatum,Carnivore,abundance,grazed strip,2000,16,grazed,grazed,,,,,,se,0.66
3029,Invertebrate,Insecta,Coleoptera,Arthropterus,sp.,Carnivore,abundance,strip,2000,16,ungrazed,ungrazed,,,,,,mean,0.6
3029,Invertebrate,Insecta,Coleoptera,Arthropterus,sp.,Carnivore,abundance,grazed strip,2000,16,grazed,grazed,,,,,,mean,0.07
3029,Invertebrate,Insecta,Coleoptera,Arthropterus,sp.,Carnivore,abundance,strip,2000,16,ungrazed,ungrazed,,,,,,se,0.16
3029,Invertebrate,Insecta,Coleoptera,Arthropterus,sp.,Carnivore,abundance,grazed strip,2000,16,grazed,grazed,,,,,,se,0.08
3029,Invertebrate,Insecta,Coleoptera,Gigaderma,nocte,Carnivore,abundance,strip,2000,16,ungrazed,ungrazed,,,,,,mean,0.71
3029,Invertebrate,Insecta,Coleoptera,Gigaderma,nocte,Carnivore,abundance,grazed strip,2000,16,grazed,grazed,,,,,,mean,1.18
3029,Invertebrate,Insecta,Coleoptera,Gigaderma,nocte,Carnivore,abundance,strip,2000,16,ungrazed,ungrazed,,,,,,se,0.34
3029,Invertebrate,Insecta,Coleoptera,Gigaderma,nocte,Carnivore,abundance,grazed strip,2000,16,grazed,grazed,,,,,,se,0.5
3029,Invertebrate,Insecta,Coleoptera,Heteronyx,constans,Herbivore,abundance,strip,2000,16,ungrazed,ungrazed,,,,,,mean,1.047
3029,Invertebrate,Insecta,Coleoptera,Heteronyx,constans,Herbivore,abundance,grazed strip,2000,16,grazed,grazed,,,,,,mean,1.48
3029,Invertebrate,Insecta,Coleoptera,Heteronyx,constans,Herbivore,abundance,strip,2000,16,ungrazed,ungrazed,,,,,,se,0.67
3029,Invertebrate,Insecta,Coleoptera,Heteronyx,constans,Herbivore,abundance,grazed strip,2000,16,grazed,grazed,,,,,,se,0.38
3029,Invertebrate,Insecta,Coleoptera,Isopteron,carbo,Detrivore,abundance,strip,2000,16,ungrazed,ungrazed,,,,,,mean,1
3029,Invertebrate,Insecta,Coleoptera,Isopteron,carbo,Detrivore,abundance,grazed strip,2000,16,grazed,grazed,,,,,,mean,1.5
3029,Invertebrate,Insecta,Coleoptera,Isopteron,carbo,Detrivore,abundance,strip,2000,16,ungrazed,ungrazed,,,,,,se,0.38
3029,Invertebrate,Insecta,Coleoptera,Isopteron,carbo,Detrivore,abundance,grazed strip,2000,16,grazed,grazed,,,,,,se,0.24
3029,Invertebrate,Insecta,Coleoptera,Microferonia,sp.,Carnivore,abundance,strip,2000,16,ungrazed,ungrazed,,,,,,mean,0.26
3029,Invertebrate,Insecta,Coleoptera,Microferonia,sp.,Carnivore,abundance,grazed strip,2000,16,grazed,grazed,,,,,,mean,0
3029,Invertebrate,Insecta,Coleoptera,Microferonia,sp.,Carnivore,abundance,strip,2000,16,ungrazed,ungrazed,,,,,,se,0.1
3029,Invertebrate,Insecta,Coleoptera,Microferonia,sp.,Carnivore,abundance,grazed strip,2000,16,grazed,grazed,,,,,,se,0
3029,Invertebrate,Insecta,Coleoptera,Cenogmus,sp.,Omnivore,abundance,strip,2000,16,ungrazed,ungrazed,,,,,,mean,0.46
3029,Invertebrate,Insecta,Coleoptera,Cenogmus,sp.,Omnivore,abundance,grazed strip,2000,16,grazed,grazed,,,,,,mean,0.16
3029,Invertebrate,Insecta,Coleoptera,Cenogmus,sp.,Omnivore,abundance,strip,2000,16,ungrazed,ungrazed,,,,,,se,0.17
3029,Invertebrate,Insecta,Coleoptera,Cenogmus,sp.,Omnivore,abundance,grazed strip,2000,16,grazed,grazed,,,,,,se,0.15
3029,Invertebrate,Insecta,Coleoptera,Gigaderma,sulcatum,Carnivore,abundance,strip,2000,16,ungrazed,ungrazed,,,,,,mean,0.11
3029,Invertebrate,Insecta,Coleoptera,Gigaderma,sulcatum,Carnivore,abundance,grazed strip,2000,16,grazed,grazed,,,,,,mean,0
3029,Invertebrate,Insecta,Coleoptera,Gigaderma,sulcatum,Carnivore,abundance,strip,2000,16,ungrazed,ungrazed,,,,,,se,0.21
3029,Invertebrate,Insecta,Coleoptera,Gigaderma,sulcatum,Carnivore,abundance,grazed strip,2000,16,grazed,grazed,,,,,,se,0
3029,Invertebrate,Insecta,Coleoptera,Isopteron,punctatissimus,Detrivore,abundance,strip,2000,16,ungrazed,ungrazed,,,,,,mean,0
3029,Invertebrate,Insecta,Coleoptera,Isopteron,punctatissimus,Detrivore,abundance,grazed strip,2000,16,grazed,grazed,,,,,,mean,0.32
3029,Invertebrate,Insecta,Coleoptera,Isopteron,punctatissimus,Detrivore,abundance,strip,2000,16,ungrazed,ungrazed,,,,,,se,0
3029,Invertebrate,Insecta,Coleoptera,Isopteron,punctatissimus,Detrivore,abundance,grazed strip,2000,16,grazed,grazed,,,,,,se,0.22
3029,Invertebrate,Insecta,Coleoptera,Omorgus,semicostatus,Detrivore,abundance,strip,2000,16,ungrazed,ungrazed,,,,,,mean,0.32
3029,Invertebrate,Insecta,Coleoptera,Omorgus,semicostatus,Detrivore,abundance,grazed strip,2000,16,grazed,grazed,,,,,,mean,0
3029,Invertebrate,Insecta,Coleoptera,Omorgus,semicostatus,Detrivore,abundance,strip,2000,16,ungrazed,ungrazed,,,,,,se,0.56
3029,Invertebrate,Insecta,Coleoptera,Omorgus,semicostatus,Detrivore,abundance,grazed strip,2000,16,grazed,grazed,,,,,,se,0
3029,Invertebrate,Insecta,Coleoptera,Rhytisternus,cyathoderus,Carnivore,abundance,strip,2000,16,ungrazed,ungrazed,,,,,,mean,0.23
3029,Invertebrate,Insecta,Coleoptera,Rhytisternus,cyathoderus,Carnivore,abundance,grazed strip,2000,16,grazed,grazed,,,,,,mean,1.35
3029,Invertebrate,Insecta,Coleoptera,Rhytisternus,cyathoderus,Carnivore,abundance,strip,2000,16,ungrazed,ungrazed,,,,,,se,0.15
3029,Invertebrate,Insecta,Coleoptera,Rhytisternus,cyathoderus,Carnivore,abundance,grazed strip,2000,16,grazed,grazed,,,,,,se,0.47
3029,Invertebrate,Insecta,Coleoptera,Cratogaster,melas,Carnivore,abundance,strip,2000,16,ungrazed,ungrazed,,,,,,mean,1
3029,Invertebrate,Insecta,Coleoptera,Cratogaster,melas,Carnivore,abundance,grazed strip,2000,16,grazed,grazed,,,,,,mean,0
3029,Invertebrate,Insecta,Coleoptera,Cratogaster,melas,Carnivore,abundance,strip,2000,16,ungrazed,ungrazed,,,,,,se,0.84
3029,Invertebrate,Insecta,Coleoptera,Cratogaster,melas,Carnivore,abundance,grazed strip,2000,16,grazed,grazed,,,,,,se,0
3029,Invertebrate,Insecta,Coleoptera,Scopodes,sp.,Carnivore,abundance,strip,2000,16,ungrazed,ungrazed,,,,,,mean,0.71
3029,Invertebrate,Insecta,Coleoptera,Scopodes,sp.,Carnivore,abundance,grazed strip,2000,16,grazed,grazed,,,,,,mean,0.36
3029,Invertebrate,Insecta,Coleoptera,Scopodes,sp.,Carnivore,abundance,strip,2000,16,ungrazed,ungrazed,,,,,,se,0.16
3029,Invertebrate,Insecta,Coleoptera,Scopodes,sp.,Carnivore,abundance,grazed strip,2000,16,grazed,grazed,,,,,,se,0.21
3120,Invertebrate,Insecta,Orthoptera,,,Herbivore,abundance,Nov,2013,30,grazed,grazed,0,0,sheep per ha,2.7,,mean,0.928
3120,Invertebrate,Insecta,Orthoptera,,,Herbivore,abundance,Jan,2013,30,grazed,grazed,0,0,sheep per ha,2.7,,mean,5.13
3120,Invertebrate,Insecta,Orthoptera,,,Herbivore,abundance,Feb,2013,30,grazed,grazed,0,0,sheep per ha,2.7,,mean,1.822
3120,Invertebrate,Insecta,Orthoptera,,,Herbivore,abundance,Nov,2013,30,ungrazed,ungrazed,1,1,,,,mean,1.505
3120,Invertebrate,Insecta,Orthoptera,,,Herbivore,abundance,Jan,2013,30,ungrazed,ungrazed,1,1,,,,mean,5.613
3120,Invertebrate,Insecta,Orthoptera,,,Herbivore,abundance,Feb,2013,30,ungrazed,ungrazed,1,1,,,,mean,3.092
3120,Invertebrate,Insecta,Orthoptera,,,Herbivore,abundance,Nov,2013,30,grazed,grazed,0,0,sheep per ha,2.7,,se,0.195
3120,Invertebrate,Insecta,Orthoptera,,,Herbivore,abundance,Jan,2013,30,grazed,grazed,0,0,sheep per ha,2.7,,se,0.875
3120,Invertebrate,Insecta,Orthoptera,,,Herbivore,abundance,Feb,2013,30,grazed,grazed,0,0,sheep per ha,2.7,,se,0.287
3120,Invertebrate,Insecta,Orthoptera,,,Herbivore,abundance,Nov,2013,30,ungrazed,ungrazed,1,1,,,,se,0.444
3120,Invertebrate,Insecta,Orthoptera,,,Herbivore,abundance,Jan,2013,30,ungrazed,ungrazed,1,1,,,,se,0.598
3120,Invertebrate,Insecta,Orthoptera,,,Herbivore,abundance,Feb,2013,30,ungrazed,ungrazed,1,1,,,,se,0.487
3158,Vertebrate,Amphibian,,,,Carnivore,abundance,remnant forest,2009-2013,8,ungrazed,ungrazed,,,,,,mean,2.57
3158,Vertebrate,Reptilia,,,,Carnivore,abundance,remnant forest,2009-2013,8,ungrazed,ungrazed,,,,,,mean,2.89
3158,Vertebrate,Aves,,,,Omnivore,abundance,remnant forest,2009-2013,8,ungrazed,ungrazed,,,,,,mean,21.7
3158,Vertebrate,Mammalia,,,,Omnivore,abundance,remnant forest,2009-2013,8,ungrazed,ungrazed,,,,,,mean,3.55
3158,Vertebrate,Amphibian,,,,Carnivore,abundance,pasture,2009-2013,8,grazed,grazed,,,,,,mean,1.4
3158,Vertebrate,Reptilia,,,,Carnivore,abundance,pasture,2009-2013,8,grazed,grazed,,,,,,mean,1.21
3158,Vertebrate,Aves,,,,Omnivore,abundance,pasture,2009-2013,8,grazed,grazed,,,,,,mean,12.27
3158,Vertebrate,Mammalia,,,,Omnivore,abundance,pasture,2009-2013,8,grazed,grazed,,,,,,mean,2.61
3158,Vertebrate,Amphibian,,,,Carnivore,abundance,remnant forest,2009-2013,8,ungrazed,ungrazed,,,,,,se,0.93
3158,Vertebrate,Reptilia,,,,Carnivore,abundance,remnant forest,2009-2013,8,ungrazed,ungrazed,,,,,,se,1.45
3158,Vertebrate,Aves,,,,Omnivore,abundance,remnant forest,2009-2013,8,ungrazed,ungrazed,,,,,,se,3.36
3158,Vertebrate,Mammalia,,,,Omnivore,abundance,remnant forest,2009-2013,8,ungrazed,ungrazed,,,,,,se,0.93
3158,Vertebrate,Amphibian,,,,Carnivore,abundance,pasture,2009-2013,8,grazed,grazed,,,,,,se,1.03
3158,Vertebrate,Reptilia,,,,Carnivore,abundance,pasture,2009-2013,8,grazed,grazed,,,,,,se,0.56
3158,Vertebrate,Aves,,,,Omnivore,abundance,pasture,2009-2013,8,grazed,grazed,,,,,,se,3.74
3158,Vertebrate,Mammalia,,,,Omnivore,abundance,pasture,2009-2013,8,grazed,grazed,,,,,,se,1.08
3158,Vertebrate,plants,,,,producer,abundance,remnant forest,2009-2013,6,ungrazed,ungrazed,,,,,,mean,4.1
3158,Vertebrate,plants,,,,producer,abundance,remnant forest,2009-2013,6,ungrazed,ungrazed,,,,,,se,0.93
3158,Vertebrate,plants,,,,producer,abundance,pasture,2009-2013,6,ungrazed,ungrazed,,,,,,mean,4.2
3158,Vertebrate,plants,,,,producer,abundance,pasture,2009-2013,6,ungrazed,ungrazed,,,,,,se,1.29
3158,Vertebrate,plants,,,,producer,litter,remnant forest,2009-2013,6,grazed,grazed,,,,,,mean,5
3158,Vertebrate,plants,,,,producer,litter,remnant forest,2009-2013,6,grazed,grazed,,,,,,se,1.11
3158,Vertebrate,plants,,,,producer,litter,pasture,2009-2013,6,grazed,grazed,,,,,,mean,1.2
3158,Vertebrate,plants,,,,producer,litter,pasture,2009-2013,6,grazed,grazed,,,,,,se,0.49
3127,Vertebrate,Mammalia,,Madoquoa,guentheri,herbivore,abundance,Sanctuary,2008-2010,143,ungrazed,ungrazed,,,,,,mean,0.369
3127,Vertebrate,Mammalia,,Raphicerus,campestris,herbivore,abundance,Sanctuary,2008-2010,143,ungrazed,ungrazed,,,,,,mean,0.032
3127,Vertebrate,Mammalia,,Litocranius,walleri,herbivore,abundance,Sanctuary,2008-2010,143,ungrazed,ungrazed,,,,,,mean,0.368
3127,Vertebrate,Mammalia,,Giraffa,camelopardis,herbivore,abundance,Sanctuary,2008-2010,143,ungrazed,ungrazed,,,,,,mean,0.693
3127,Vertebrate,Mammalia,,Canis,mesomelas,carnivore,abundance,Sanctuary,2008-2010,143,ungrazed,ungrazed,,,,,,mean,0.026
3127,Vertebrate,Mammalia,,Felis,spp.,carnivore,abundance,Sanctuary,2008-2010,143,ungrazed,ungrazed,,,,,,mean,0.029
3127,Vertebrate,Mammalia,,Small carnivores (n=5),,carnivore,abundance,Sanctuary,2008-2010,143,ungrazed,ungrazed,,,,,,mean,0.022
3127,Vertebrate,Mammalia,,Ichneumia,albicauda,carnivore,abundance,Sanctuary,2008-2010,143,ungrazed,ungrazed,,,,,,mean,0.04
3127,Vertebrate,Mammalia,,Panthera,pardus,carnivore,abundance,Sanctuary,2008-2010,143,ungrazed,ungrazed,,,,,,mean,0.251
3127,Vertebrate,Mammalia,,Panthera,leo,carnivore,abundance,Sanctuary,2008-2010,143,ungrazed,ungrazed,,,,,,mean,0.286
3127,Vertebrate,Mammalia,,Proteles,cristata,carnivore,abundance,Sanctuary,2008-2010,143,ungrazed,ungrazed,,,,,,mean,0.409
3127,Vertebrate,Mammalia,,Crocuta,crocuta,carnivore,abundance,Sanctuary,2008-2010,143,ungrazed,ungrazed,,,,,,mean,0.559
3127,Vertebrate,Mammalia,,Hyaena,hyaena,carnivore,abundance,Sanctuary,2008-2010,143,ungrazed,ungrazed,,,,,,mean,0.376
3127,Vertebrate,Mammalia,,Lepus,saxatilis,herbivore,abundance,Sanctuary,2008-2010,143,ungrazed,ungrazed,,,,,,mean,0.139
3127,Vertebrate,Mammalia,,Phacochoerus,africanus,herbivore,abundance,Sanctuary,2008-2010,143,ungrazed,ungrazed,,,,,,mean,0.322
3127,Vertebrate,Mammalia,,Gazella,rufifrons,herbivore,abundance,Sanctuary,2008-2010,143,ungrazed,ungrazed,,,,,,mean,0.057
3127,Vertebrate,Mammalia,,Gazella,granti,herbivore,abundance,Sanctuary,2008-2010,143,ungrazed,ungrazed,,,,,,mean,0.327
3127,Vertebrate,Mammalia,,Alcelaphus,buselaphus,herbivore,abundance,Sanctuary,2008-2010,143,ungrazed,ungrazed,,,,,,mean,0.111
3127,Vertebrate,Mammalia,,Oryx,beisa,herbivore,abundance,Sanctuary,2008-2010,143,ungrazed,ungrazed,,,,,,mean,0.362
3127,Vertebrate,Mammalia,,Kobus,ellipsiprymnus,herbivore,abundance,Sanctuary,2008-2010,143,ungrazed,ungrazed,,,,,,mean,0.126
3127,Vertebrate,Mammalia,,Equus,quagga,herbivore,abundance,Sanctuary,2008-2010,143,ungrazed,ungrazed,,,,,,mean,0.789
3127,Vertebrate,Mammalia,,Equus,grevyi,herbivore,abundance,Sanctuary,2008-2010,143,ungrazed,ungrazed,,,,,,mean,0.296
3127,Vertebrate,Mammalia,,Syncerus,caffer,herbivore,abundance,Sanctuary,2008-2010,143,ungrazed,ungrazed,,,,,,mean,0.318
3127,Vertebrate,Mammalia,,Sylvicapra,grimmia,herbivore,abundance,Sanctuary,2008-2010,143,ungrazed,ungrazed,,,,,,mean,0.057
3127,Vertebrate,Mammalia,,Aepyceros,melampus,herbivore,abundance,Sanctuary,2008-2010,143,ungrazed,ungrazed,,,,,,mean,0.426
3127,Vertebrate,Mammalia,,Tragelaphus,scriptus,herbivore,abundance,Sanctuary,2008-2010,143,ungrazed,ungrazed,,,,,,mean,0
3127,Vertebrate,Mammalia,,Loxondonta,africana,herbivore,abundance,Sanctuary,2008-2010,143,ungrazed,ungrazed,,,,,,mean,0.345
3127,Vertebrate,Mammalia,,Taurotragus,oryx,herbivore,abundance,Sanctuary,2008-2010,143,ungrazed,ungrazed,,,,,,mean,0.377
3127,Vertebrate,Mammalia,,Papio,anubis,omnivore,abundance,Sanctuary,2008-2010,143,ungrazed,ungrazed,,,,,,mean,0.323
3127,Vertebrate,Mammalia,,Orycteropus,afer,herbivore,abundance,Sanctuary,2008-2010,143,ungrazed,ungrazed,,,,,,mean,0.082
3127,Vertebrate,Mammalia,,Hystrix,cristata,omnivore,abundance,Sanctuary,2008-2010,143,ungrazed,ungrazed,,,,,,mean,0.049
3127,Vertebrate,Mammalia,,Madoquoa,guentheri,herbivore,abundance,group ranch,2008-2010,82,grazed,grazed,,,total livestock units,25,,mean,0.342
3127,Vertebrate,Mammalia,,Raphicerus,campestris,herbivore,abundance,group ranch,2008-2010,82,grazed,grazed,,,total livestock units,25,,mean,0.014
3127,Vertebrate,Mammalia,,Litocranius,walleri,herbivore,abundance,group ranch,2008-2010,82,grazed,grazed,,,total livestock units,25,,mean,0.153
3127,Vertebrate,Mammalia,,Giraffa,camelopardis,herbivore,abundance,group ranch,2008-2010,82,grazed,grazed,,,total livestock units,25,,mean,0
3127,Vertebrate,Mammalia,,Canis,mesomelas,carnivore,abundance,group ranch,2008-2010,82,grazed,grazed,,,total livestock units,25,,mean,0
3127,Vertebrate,Mammalia,,Felis,spp.,carnivore,abundance,group ranch,2008-2010,82,grazed,grazed,,,total livestock units,25,,mean,0
3127,Vertebrate,Mammalia,,Small carnivores (n=5),,carnivore,abundance,group ranch,2008-2010,82,grazed,grazed,,,total livestock units,25,,mean,0.025
3127,Vertebrate,Mammalia,,Ichneumia,albicauda,carnivore,abundance,group ranch,2008-2010,82,grazed,grazed,,,total livestock units,25,,mean,0.051
3127,Vertebrate,Mammalia,,Panthera,pardus,carnivore,abundance,group ranch,2008-2010,82,grazed,grazed,,,total livestock units,25,,mean,0
3127,Vertebrate,Mammalia,,Panthera,leo,carnivore,abundance,group ranch,2008-2010,82,grazed,grazed,,,total livestock units,25,,mean,0
3127,Vertebrate,Mammalia,,Proteles,cristata,carnivore,abundance,group ranch,2008-2010,82,grazed,grazed,,,total livestock units,25,,mean,0.018
3127,Vertebrate,Mammalia,,Crocuta,crocuta,carnivore,abundance,group ranch,2008-2010,82,grazed,grazed,,,total livestock units,25,,mean,0.05
3127,Vertebrate,Mammalia,,Hyaena,hyaena,carnivore,abundance,group ranch,2008-2010,82,grazed,grazed,,,total livestock units,25,,mean,0.062
3127,Vertebrate,Mammalia,,Lepus,saxatilis,herbivore,abundance,group ranch,2008-2010,82,grazed,grazed,,,total livestock units,25,,mean,0.19
3127,Vertebrate,Mammalia,,Phacochoerus,africanus,herbivore,abundance,group ranch,2008-2010,82,grazed,grazed,,,total livestock units,25,,mean,0.101
3127,Vertebrate,Mammalia,,Gazella,rufifrons,herbivore,abundance,group ranch,2008-2010,82,grazed,grazed,,,total livestock units,25,,mean,0.04
3127,Vertebrate,Mammalia,,Gazella,granti,herbivore,abundance,group ranch,2008-2010,82,grazed,grazed,,,total livestock units,25,,mean,0.012
3127,Vertebrate,Mammalia,,Alcelaphus,buselaphus,herbivore,abundance,group ranch,2008-2010,82,grazed,grazed,,,total livestock units,25,,mean,0
3127,Vertebrate,Mammalia,,Oryx,beisa,herbivore,abundance,group ranch,2008-2010,82,grazed,grazed,,,total livestock units,25,,mean,0
3127,Vertebrate,Mammalia,,Kobus,ellipsiprymnus,herbivore,abundance,group ranch,2008-2010,82,grazed,grazed,,,total livestock units,25,,mean,0
3127,Vertebrate,Mammalia,,Equus,quagga,herbivore,abundance,group ranch,2008-2010,82,grazed,grazed,,,total livestock units,25,,mean,0
3127,Vertebrate,Mammalia,,Equus,grevyi,herbivore,abundance,group ranch,2008-2010,82,grazed,grazed,,,total livestock units,25,,mean,0
3127,Vertebrate,Mammalia,,Syncerus,caffer,herbivore,abundance,group ranch,2008-2010,82,grazed,grazed,,,total livestock units,25,,mean,0.025
3127,Vertebrate,Mammalia,,Sylvicapra,grimmia,herbivore,abundance,group ranch,2008-2010,82,grazed,grazed,,,total livestock units,25,,mean,0.094
3127,Vertebrate,Mammalia,,Aepyceros,melampus,herbivore,abundance,group ranch,2008-2010,82,grazed,grazed,,,total livestock units,25,,mean,0.092
3127,Vertebrate,Mammalia,,Tragelaphus,scriptus,herbivore,abundance,group ranch,2008-2010,82,grazed,grazed,,,total livestock units,25,,mean,0
3127,Vertebrate,Mammalia,,Loxondonta,africana,herbivore,abundance,group ranch,2008-2010,82,grazed,grazed,,,total livestock units,25,,mean,0.123
3127,Vertebrate,Mammalia,,Taurotragus,oryx,herbivore,abundance,group ranch,2008-2010,82,grazed,grazed,,,total livestock units,25,,mean,0
3127,Vertebrate,Mammalia,,Papio,anubis,omnivore,abundance,group ranch,2008-2010,82,grazed,grazed,,,total livestock units,25,,mean,0.015
3127,Vertebrate,Mammalia,,Orycteropus,afer,herbivore,abundance,group ranch,2008-2010,82,grazed,grazed,,,total livestock units,25,,mean,0.254
3127,Vertebrate,Mammalia,,Hystrix,cristata,omnivore,abundance,group ranch,2008-2010,82,grazed,grazed,,,total livestock units,25,,mean,0.053
3127,Vertebrate,Mammalia,,Madoquoa,guentheri,herbivore,abundance,Sanctuary,2008-2010,143,ungrazed,ungrazed,,,,,,se,0.015637726
3127,Vertebrate,Mammalia,,Raphicerus,campestris,herbivore,abundance,Sanctuary,2008-2010,143,ungrazed,ungrazed,,,,,,se,0.00894779
3127,Vertebrate,Mammalia,,Litocranius,walleri,herbivore,abundance,Sanctuary,2008-2010,143,ungrazed,ungrazed,,,,,,se,0.010536649
3127,Vertebrate,Mammalia,,Giraffa,camelopardis,herbivore,abundance,Sanctuary,2008-2010,143,ungrazed,ungrazed,,,,,,se,0.005602821
3127,Vertebrate,Mammalia,,Canis,mesomelas,carnivore,abundance,Sanctuary,2008-2010,143,ungrazed,ungrazed,,,,,,se,0.002174229
3127,Vertebrate,Mammalia,,Felis,spp.,carnivore,abundance,Sanctuary,2008-2010,143,ungrazed,ungrazed,,,,,,se,0.003094095
3127,Vertebrate,Mammalia,,Small carnivores (n=5),,carnivore,abundance,Sanctuary,2008-2010,143,ungrazed,ungrazed,,,,,,se,0.001087115
3127,Vertebrate,Mammalia,,Ichneumia,albicauda,carnivore,abundance,Sanctuary,2008-2010,143,ungrazed,ungrazed,,,,,,se,0.001337987
3127,Vertebrate,Mammalia,,Panthera,pardus,carnivore,abundance,Sanctuary,2008-2010,143,ungrazed,ungrazed,,,,,,se,0.00677356
3127,Vertebrate,Mammalia,,Panthera,leo,carnivore,abundance,Sanctuary,2008-2010,143,ungrazed,ungrazed,,,,,,se,0.009115038
3127,Vertebrate,Mammalia,,Proteles,cristata,carnivore,abundance,Sanctuary,2008-2010,143,ungrazed,ungrazed,,,,,,se,0.014801484
3127,Vertebrate,Mammalia,,Crocuta,crocuta,carnivore,abundance,Sanctuary,2008-2010,143,ungrazed,ungrazed,,,,,,se,0.004264834
3127,Vertebrate,Mammalia,,Hyaena,hyaena,carnivore,abundance,Sanctuary,2008-2010,143,ungrazed,ungrazed,,,,,,se,0.007860675
3127,Vertebrate,Mammalia,,Lepus,saxatilis,herbivore,abundance,Sanctuary,2008-2010,143,ungrazed,ungrazed,,,,,,se,0.003344968
3127,Vertebrate,Mammalia,,Phacochoerus,africanus,herbivore,abundance,Sanctuary,2008-2010,143,ungrazed,ungrazed,,,,,,se,0.004348458
3127,Vertebrate,Mammalia,,Gazella,rufifrons,herbivore,abundance,Sanctuary,2008-2010,143,ungrazed,ungrazed,,,,,,se,0.002090605
3127,Vertebrate,Mammalia,,Gazella,granti,herbivore,abundance,Sanctuary,2008-2010,143,ungrazed,ungrazed,,,,,,se,0.004515707
3127,Vertebrate,Mammalia,,Alcelaphus,buselaphus,herbivore,abundance,Sanctuary,2008-2010,143,ungrazed,ungrazed,,,,,,se,0.00418121
3127,Vertebrate,Mammalia,,Oryx,beisa,herbivore,abundance,Sanctuary,2008-2010,143,ungrazed,ungrazed,,,,,,se,0.006020942
3127,Vertebrate,Mammalia,,Kobus,ellipsiprymnus,herbivore,abundance,Sanctuary,2008-2010,143,ungrazed,ungrazed,,,,,,se,0.00317772
3127,Vertebrate,Mammalia,,Equus,quagga,herbivore,abundance,Sanctuary,2008-2010,143,ungrazed,ungrazed,,,,,,se,0.005101076
3127,Vertebrate,Mammalia,,Equus,grevyi,herbivore,abundance,Sanctuary,2008-2010,143,ungrazed,ungrazed,,,,,,se,0.013045375
3127,Vertebrate,Mammalia,,Syncerus,caffer,herbivore,abundance,Sanctuary,2008-2010,143,ungrazed,ungrazed,,,,,,se,0.003763089
3127,Vertebrate,Mammalia,,Sylvicapra,grimmia,herbivore,abundance,Sanctuary,2008-2010,143,ungrazed,ungrazed,,,,,,se,0.001923357
3127,Vertebrate,Mammalia,,Aepyceros,melampus,herbivore,abundance,Sanctuary,2008-2010,143,ungrazed,ungrazed,,,,,,se,0.004766579
3127,Vertebrate,Mammalia,,Tragelaphus,scriptus,herbivore,abundance,Sanctuary,2008-2010,143,ungrazed,ungrazed,,,,,,se,0
3127,Vertebrate,Mammalia,,Loxondonta,africana,herbivore,abundance,Sanctuary,2008-2010,143,ungrazed,ungrazed,,,,,,se,0.002006981
3127,Vertebrate,Mammalia,,Taurotragus,oryx,herbivore,abundance,Sanctuary,2008-2010,143,ungrazed,ungrazed,,,,,,se,0.006020942
3127,Vertebrate,Mammalia,,Papio,anubis,omnivore,abundance,Sanctuary,2008-2010,143,ungrazed,ungrazed,,,,,,se,0.004933828
3127,Vertebrate,Mammalia,,Orycteropus,afer,herbivore,abundance,Sanctuary,2008-2010,143,ungrazed,ungrazed,,,,,,se,0.002759599
3127,Vertebrate,Mammalia,,Hystrix,cristata,omnivore,abundance,Sanctuary,2008-2010,143,ungrazed,ungrazed,,,,,,se,0.001839732
3127,Vertebrate,Mammalia,,Madoquoa,guentheri,herbivore,abundance,group ranch,2008-2010,82,grazed,grazed,,,total livestock units,25,,se,0.018994222
3127,Vertebrate,Mammalia,,Raphicerus,campestris,herbivore,abundance,group ranch,2008-2010,82,grazed,grazed,,,total livestock units,25,,se,0.00143561
3127,Vertebrate,Mammalia,,Litocranius,walleri,herbivore,abundance,group ranch,2008-2010,82,grazed,grazed,,,total livestock units,25,,se,0.011264016
3127,Vertebrate,Mammalia,,Giraffa,camelopardis,herbivore,abundance,group ranch,2008-2010,82,grazed,grazed,,,total livestock units,25,,se,0
3127,Vertebrate,Mammalia,,Canis,mesomelas,carnivore,abundance,group ranch,2008-2010,82,grazed,grazed,,,total livestock units,25,,se,0
3127,Vertebrate,Mammalia,,Felis,spp.,carnivore,abundance,group ranch,2008-2010,82,grazed,grazed,,,total livestock units,25,,se,0
3127,Vertebrate,Mammalia,,Small carnivores (n=5),,carnivore,abundance,group ranch,2008-2010,82,grazed,grazed,,,total livestock units,25,,se,0.001325178
3127,Vertebrate,Mammalia,,Ichneumia,albicauda,carnivore,abundance,group ranch,2008-2010,82,grazed,grazed,,,total livestock units,25,,se,0.004196398
3127,Vertebrate,Mammalia,,Panthera,pardus,carnivore,abundance,group ranch,2008-2010,82,grazed,grazed,,,total livestock units,25,,se,0
3127,Vertebrate,Mammalia,,Panthera,leo,carnivore,abundance,group ranch,2008-2010,82,grazed,grazed,,,total livestock units,25,,se,0
3127,Vertebrate,Mammalia,,Proteles,cristata,carnivore,abundance,group ranch,2008-2010,82,grazed,grazed,,,total livestock units,25,,se,0.002098199
3127,Vertebrate,Mammalia,,Crocuta,crocuta,carnivore,abundance,group ranch,2008-2010,82,grazed,grazed,,,total livestock units,25,,se,0.003533809
3127,Vertebrate,Mammalia,,Hyaena,hyaena,carnivore,abundance,group ranch,2008-2010,82,grazed,grazed,,,total livestock units,25,,se,0.003865103
3127,Vertebrate,Mammalia,,Lepus,saxatilis,herbivore,abundance,group ranch,2008-2010,82,grazed,grazed,,,total livestock units,25,,se,0.005742439
3127,Vertebrate,Mammalia,,Phacochoerus,africanus,herbivore,abundance,group ranch,2008-2010,82,grazed,grazed,,,total livestock units,25,,se,0.005300713
3127,Vertebrate,Mammalia,,Gazella,rufifrons,herbivore,abundance,group ranch,2008-2010,82,grazed,grazed,,,total livestock units,25,,se,0.004748556
3127,Vertebrate,Mammalia,,Gazella,granti,herbivore,abundance,group ranch,2008-2010,82,grazed,grazed,,,total livestock units,25,,se,0.001325178
3127,Vertebrate,Mammalia,,Alcelaphus,buselaphus,herbivore,abundance,group ranch,2008-2010,82,grazed,grazed,,,total livestock units,25,,se,0
3127,Vertebrate,Mammalia,,Oryx,beisa,herbivore,abundance,group ranch,2008-2010,82,grazed,grazed,,,total livestock units,25,,se,0
3127,Vertebrate,Mammalia,,Kobus,ellipsiprymnus,herbivore,abundance,group ranch,2008-2010,82,grazed,grazed,,,total livestock units,25,,se,0
3127,Vertebrate,Mammalia,,Equus,quagga,herbivore,abundance,group ranch,2008-2010,82,grazed,grazed,,,total livestock units,25,,se,0
3127,Vertebrate,Mammalia,,Equus,grevyi,herbivore,abundance,group ranch,2008-2010,82,grazed,grazed,,,total livestock units,25,,se,0
3127,Vertebrate,Mammalia,,Syncerus,caffer,herbivore,abundance,group ranch,2008-2010,82,grazed,grazed,,,total livestock units,25,,se,0.002760788
3127,Vertebrate,Mammalia,,Sylvicapra,grimmia,herbivore,abundance,group ranch,2008-2010,82,grazed,grazed,,,total livestock units,25,,se,0.004085966
3127,Vertebrate,Mammalia,,Aepyceros,melampus,herbivore,abundance,group ranch,2008-2010,82,grazed,grazed,,,total livestock units,25,,se,0.004748556
3127,Vertebrate,Mammalia,,Tragelaphus,scriptus,herbivore,abundance,group ranch,2008-2010,82,grazed,grazed,,,total livestock units,25,,se,0
3127,Vertebrate,Mammalia,,Loxondonta,africana,herbivore,abundance,group ranch,2008-2010,82,grazed,grazed,,,total livestock units,25,,se,0.000993884
3127,Vertebrate,Mammalia,,Taurotragus,oryx,herbivore,abundance,group ranch,2008-2010,82,grazed,grazed,,,total livestock units,25,,se,0
3127,Vertebrate,Mammalia,,Papio,anubis,omnivore,abundance,group ranch,2008-2010,82,grazed,grazed,,,total livestock units,25,,se,0.001546041
3127,Vertebrate,Mammalia,,Orycteropus,afer,herbivore,abundance,group ranch,2008-2010,82,grazed,grazed,,,total livestock units,25,,se,0.010270132
3127,Vertebrate,Mammalia,,Hystrix,cristata,omnivore,abundance,group ranch,2008-2010,82,grazed,grazed,,,total livestock units,25,,se,0.002429494
3184,Invertebrate,,,,,Detritivores,abundance,,1998,8,ungrazed,ungrazed,4,,,,,mean,3195.8
3184,Invertebrate,,,,,Detritivores,abundance,,1998,8,grazed,grazed,0,,,,,mean,1354.5
3184,Invertebrate,,,,,Detritivores,abundance,,1998,8,ungrazed,ungrazed,4,,,,,se,423.2
3184,Invertebrate,,,,,Detritivores,abundance,,1998,8,grazed,grazed,0,,,,,se,148.1
3184,Invertebrate,,,,,Herbivore,abundance,,1998,8,ungrazed,ungrazed,4,,,,,mean,270.5
3184,Invertebrate,,,,,Herbivore,abundance,,1998,8,grazed,grazed,0,,,,,mean,208.1
3184,Invertebrate,,,,,Herbivore,abundance,,1998,8,ungrazed,ungrazed,4,,,,,se,45.4
3184,Invertebrate,,,,,Herbivore,abundance,,1998,8,grazed,grazed,0,,,,,se,28.4
3184,Invertebrate,,,,,Predator,abundance,,1998,8,ungrazed,ungrazed,4,,,,,mean,67.09
3184,Invertebrate,,,,,Predator,abundance,,1998,8,grazed,grazed,0,,,,,mean,114.4
3184,Invertebrate,,,,,Predator,abundance,,1998,8,ungrazed,ungrazed,4,,,,,se,6.81
3184,Invertebrate,,,,,Predator,abundance,,1998,8,grazed,grazed,0,,,,,se,18.9
